Kohezijska / Statistična regija,1+2              OŠ ali manj,"3+4 - nižje, srednje poklicno izobr.","5 - srednje tehniško, strokovno, splošno izobr.","6+7+8 - visokošolsko izobr. prve, druge, tretje stopnje",Skupaj,month,year,"Kohezijska / 
statistična regija","OŠ
ali manj","nižje, srednje poklicno izob.","srednje tehniško, strokovno,
splošno izob.","visokošolsko
izob. prve, druge,
tretje stopnje"
Slovenija,27666.0,23433.0,22082.0,14738.0,87919.0,JAN,2018,,,,,
,,,,,,JAN,2018,,,,,
Vzhodna Slovenija,16823.0,14864.0,12665.0,7820.0,52172.0,JAN,2018,,,,,
Jugovzhodna Slovenija,2725.0,1545.0,1162.0,767.0,6199.0,JAN,2018,,,,,
Koroška,653.0,876.0,687.0,439.0,2655.0,JAN,2018,,,,,
Podravska,4100.0,4367.0,4176.0,2547.0,15190.0,JAN,2018,,,,,
Pomurska,2883.0,2220.0,1517.0,941.0,7561.0,JAN,2018,,,,,
Posavska,1328.0,1095.0,793.0,467.0,3683.0,JAN,2018,,,,,
Primorsko-notranjska,604.0,610.0,519.0,325.0,2058.0,JAN,2018,,,,,
Savinjska,3653.0,3397.0,3161.0,1950.0,12161.0,JAN,2018,,,,,
Zasavska,877.0,754.0,650.0,384.0,2665.0,JAN,2018,,,,,
,,,,,,JAN,2018,,,,,
Zahodna Slovenija,10449.0,8489.0,9363.0,6879.0,35180.0,JAN,2018,,,,,
Gorenjska,1894.0,1421.0,1521.0,1028.0,5864.0,JAN,2018,,,,,
Goriška,1129.0,829.0,901.0,700.0,3559.0,JAN,2018,,,,,
Obalno-kraška,1422.0,1200.0,1177.0,753.0,4552.0,JAN,2018,,,,,
Osrednjeslovenska,6004.0,5039.0,5764.0,4398.0,21205.0,JAN,2018,,,,,
,,,,,,JAN,2018,,,,,
Občina izven RS,394.0,80.0,54.0,39.0,567.0,JAN,2018,,,,,
Slovenija,27010.0,22865.0,21474.0,14334.0,85683.0,FEB,2018,,,,,
,,,,,,FEB,2018,,,,,
Vzhodna Slovenija,16452.0,14486.0,12269.0,7580.0,50787.0,FEB,2018,,,,,
Jugovzhodna Slovenija,2698.0,1489.0,1117.0,720.0,6024.0,FEB,2018,,,,,
Koroška,631.0,854.0,652.0,419.0,2556.0,FEB,2018,,,,,
Podravska,4030.0,4241.0,4050.0,2501.0,14822.0,FEB,2018,,,,,
Pomurska,2807.0,2135.0,1485.0,893.0,7320.0,FEB,2018,,,,,
Posavska,1299.0,1074.0,777.0,468.0,3618.0,FEB,2018,,,,,
Primorsko-notranjska,567.0,592.0,501.0,315.0,1975.0,FEB,2018,,,,,
Savinjska,3569.0,3355.0,3078.0,1891.0,11893.0,FEB,2018,,,,,
Zasavska,851.0,746.0,609.0,373.0,2579.0,FEB,2018,,,,,
,,,,,,FEB,2018,,,,,
Zahodna Slovenija,10178.0,8305.0,9149.0,6713.0,34345.0,FEB,2018,,,,,
Gorenjska,1854.0,1385.0,1480.0,1002.0,5721.0,FEB,2018,,,,,
Goriška,1065.0,831.0,852.0,663.0,3411.0,FEB,2018,,,,,
Obalno-kraška,1350.0,1172.0,1148.0,718.0,4388.0,FEB,2018,,,,,
Osrednjeslovenska,5909.0,4917.0,5669.0,4330.0,20825.0,FEB,2018,,,,,
,,,,,,FEB,2018,,,,,
Občina izven RS,380.0,74.0,56.0,41.0,551.0,FEB,2018,,,,,
Slovenija,25199.0,21439.0,20742.0,13840.0,81220.0,MAR,2018,,,,,
,,,,,,MAR,2018,,,,,
Vzhodna Slovenija,15306.0,13537.0,11852.0,7251.0,47946.0,MAR,2018,,,,,
Jugovzhodna Slovenija,2642.0,1419.0,1080.0,673.0,5814.0,MAR,2018,,,,,
Koroška,607.0,776.0,641.0,390.0,2414.0,MAR,2018,,,,,
Podravska,3733.0,3955.0,3934.0,2425.0,14047.0,MAR,2018,,,,,
Pomurska,2539.0,1924.0,1384.0,848.0,6695.0,MAR,2018,,,,,
Posavska,1189.0,992.0,732.0,423.0,3336.0,MAR,2018,,,,,
Primorsko-notranjska,550.0,538.0,477.0,297.0,1862.0,MAR,2018,,,,,
Savinjska,3238.0,3213.0,3012.0,1842.0,11305.0,MAR,2018,,,,,
Zasavska,808.0,720.0,592.0,353.0,2473.0,MAR,2018,,,,,
,,,,,,MAR,2018,,,,,
Zahodna Slovenija,9577.0,7846.0,8844.0,6548.0,32815.0,MAR,2018,,,,,
Gorenjska,1614.0,1273.0,1414.0,998.0,5299.0,MAR,2018,,,,,
Goriška,1028.0,813.0,818.0,627.0,3286.0,MAR,2018,,,,,
Obalno-kraška,1278.0,1108.0,1094.0,705.0,4185.0,MAR,2018,,,,,
Osrednjeslovenska,5657.0,4652.0,5518.0,4218.0,20045.0,MAR,2018,,,,,
,,,,,,MAR,2018,,,,,
Občina izven RS,316.0,56.0,46.0,41.0,459.0,MAR,2018,,,,,
Slovenija,24191.0,20609.0,20280.0,13475.0,78555.0,APR,2018,,,,,
,,,,,,APR,2018,,,,,
Vzhodna Slovenija,14641.0,12960.0,11545.0,7047.0,46193.0,APR,2018,,,,,
Jugovzhodna Slovenija,2596.0,1375.0,1034.0,634.0,5639.0,APR,2018,,,,,
Koroška,565.0,762.0,641.0,399.0,2367.0,APR,2018,,,,,
Podravska,3560.0,3767.0,3813.0,2342.0,13482.0,APR,2018,,,,,
Pomurska,2413.0,1793.0,1299.0,817.0,6322.0,APR,2018,,,,,
Posavska,1152.0,955.0,732.0,430.0,3269.0,APR,2018,,,,,
Primorsko-notranjska,529.0,513.0,459.0,303.0,1804.0,APR,2018,,,,,
Savinjska,3053.0,3114.0,2989.0,1793.0,10949.0,APR,2018,,,,,
Zasavska,773.0,681.0,578.0,329.0,2361.0,APR,2018,,,,,
,,,,,,APR,2018,,,,,
Zahodna Slovenija,9281.0,7601.0,8697.0,6387.0,31966.0,APR,2018,,,,,
Gorenjska,1512.0,1243.0,1403.0,994.0,5152.0,APR,2018,,,,,
Goriška,992.0,790.0,782.0,595.0,3159.0,APR,2018,,,,,
Obalno-kraška,1217.0,1051.0,1059.0,689.0,4016.0,APR,2018,,,,,
Osrednjeslovenska,5560.0,4517.0,5453.0,4109.0,19639.0,APR,2018,,,,,
,,,,,,APR,2018,,,,,
Občina izven RS,269.0,48.0,38.0,41.0,396.0,APR,2018,,,,,
Slovenija,23749.0,20051.0,19704.0,13201.0,76705.0,MAJ,2018,,,,,
,,,,,,MAJ,2018,,,,,
Vzhodna Slovenija,14352.0,12605.0,11203.0,6895.0,45055.0,MAJ,2018,,,,,
Jugovzhodna Slovenija,2563.0,1362.0,991.0,614.0,5530.0,MAJ,2018,,,,,
Koroška,543.0,748.0,633.0,371.0,2295.0,MAJ,2018,,,,,
Podravska,3477.0,3641.0,3752.0,2306.0,13176.0,MAJ,2018,,,,,
Pomurska,2365.0,1706.0,1217.0,787.0,6075.0,MAJ,2018,,,,,
Posavska,1142.0,936.0,703.0,422.0,3203.0,MAJ,2018,,,,,
Primorsko-notranjska,496.0,492.0,433.0,291.0,1712.0,MAJ,2018,,,,,
Savinjska,2990.0,3054.0,2902.0,1764.0,10710.0,MAJ,2018,,,,,
Zasavska,776.0,666.0,572.0,340.0,2354.0,MAJ,2018,,,,,
,,,,,,MAJ,2018,,,,,
Zahodna Slovenija,9130.0,7404.0,8465.0,6259.0,31258.0,MAJ,2018,,,,,
Gorenjska,1489.0,1199.0,1354.0,978.0,5020.0,MAJ,2018,,,,,
Goriška,978.0,762.0,727.0,584.0,3051.0,MAJ,2018,,,,,
Obalno-kraška,1176.0,1013.0,1035.0,667.0,3891.0,MAJ,2018,,,,,
Osrednjeslovenska,5487.0,4430.0,5349.0,4030.0,19296.0,MAJ,2018,,,,,
,,,,,,MAJ,2018,,,,,
Občina izven RS,267.0,42.0,36.0,47.0,392.0,MAJ,2018,,,,,
Slovenija,23230.0,19600.0,19244.0,12914.0,74988.0,JUN,2018,,,,,
,,,,,,JUN,2018,,,,,
Vzhodna Slovenija,14079.0,12286.0,10924.0,6723.0,44012.0,JUN,2018,,,,,
Jugovzhodna Slovenija,2500.0,1325.0,994.0,598.0,5417.0,JUN,2018,,,,,
Koroška,523.0,734.0,591.0,360.0,2208.0,JUN,2018,,,,,
Podravska,3390.0,3517.0,3662.0,2253.0,12822.0,JUN,2018,,,,,
Pomurska,2312.0,1658.0,1170.0,746.0,5886.0,JUN,2018,,,,,
Posavska,1146.0,916.0,675.0,402.0,3139.0,JUN,2018,,,,,
Primorsko-notranjska,484.0,472.0,415.0,280.0,1651.0,JUN,2018,,,,,
Savinjska,2961.0,3000.0,2864.0,1744.0,10569.0,JUN,2018,,,,,
Zasavska,763.0,664.0,553.0,340.0,2320.0,JUN,2018,,,,,
,,,,,,JUN,2018,,,,,
Zahodna Slovenija,8900.0,7274.0,8283.0,6144.0,30601.0,JUN,2018,,,,,
Gorenjska,1418.0,1174.0,1319.0,968.0,4879.0,JUN,2018,,,,,
Goriška,960.0,745.0,722.0,583.0,3010.0,JUN,2018,,,,,
Obalno-kraška,1126.0,982.0,983.0,638.0,3729.0,JUN,2018,,,,,
Osrednjeslovenska,5396.0,4373.0,5259.0,3955.0,18983.0,JUN,2018,,,,,
,,,,,,JUN,2018,,,,,
Občina izven RS,251.0,40.0,37.0,47.0,375.0,JUN,2018,,,,,
Slovenija,23123.0,19651.0,19481.0,13796.0,76051.0,JUL,2018,,,,,
,,,,,,JUL,2018,,,,,
Vzhodna Slovenija,14044.0,12319.0,11079.0,7219.0,44661.0,JUL,2018,,,,,
Jugovzhodna Slovenija,2490.0,1336.0,1024.0,652.0,5502.0,JUL,2018,,,,,
Koroška,529.0,719.0,593.0,401.0,2242.0,JUL,2018,,,,,
Podravska,3371.0,3541.0,3711.0,2404.0,13027.0,JUL,2018,,,,,
Pomurska,2306.0,1632.0,1194.0,792.0,5924.0,JUL,2018,,,,,
Posavska,1152.0,912.0,698.0,441.0,3203.0,JUL,2018,,,,,
Primorsko-notranjska,477.0,476.0,418.0,293.0,1664.0,JUL,2018,,,,,
Savinjska,2943.0,3020.0,2882.0,1866.0,10711.0,JUL,2018,,,,,
Zasavska,776.0,683.0,559.0,370.0,2388.0,JUL,2018,,,,,
,,,,,,JUL,2018,,,,,
Zahodna Slovenija,8846.0,7288.0,8364.0,6523.0,31021.0,JUL,2018,,,,,
Gorenjska,1400.0,1165.0,1331.0,1038.0,4934.0,JUL,2018,,,,,
Goriška,955.0,739.0,718.0,677.0,3089.0,JUL,2018,,,,,
Obalno-kraška,1128.0,974.0,1002.0,687.0,3791.0,JUL,2018,,,,,
Osrednjeslovenska,5363.0,4410.0,5313.0,4121.0,19207.0,JUL,2018,,,,,
,,,,,,JUL,2018,,,,,
Občina izven RS,233.0,44.0,38.0,54.0,369.0,JUL,2018,,,,,
Slovenija,23009.0,19578.0,19457.0,13876.0,75920.0,AVG,2018,,,,,
,,,,,,AVG,2018,,,,,
Vzhodna Slovenija,13969.0,12290.0,11058.0,7286.0,44603.0,AVG,2018,,,,,
Jugovzhodna Slovenija,2478.0,1350.0,1036.0,672.0,5536.0,AVG,2018,,,,,
Koroška,540.0,718.0,590.0,403.0,2251.0,AVG,2018,,,,,
Podravska,3357.0,3509.0,3681.0,2405.0,12952.0,AVG,2018,,,,,
Pomurska,2284.0,1628.0,1193.0,803.0,5908.0,AVG,2018,,,,,
Posavska,1135.0,931.0,694.0,450.0,3210.0,AVG,2018,,,,,
Primorsko-notranjska,476.0,476.0,429.0,318.0,1699.0,AVG,2018,,,,,
Savinjska,2914.0,2998.0,2877.0,1855.0,10644.0,AVG,2018,,,,,
Zasavska,785.0,680.0,558.0,380.0,2403.0,AVG,2018,,,,,
,,,,,,AVG,2018,,,,,
Zahodna Slovenija,8793.0,7245.0,8356.0,6536.0,30930.0,AVG,2018,,,,,
Gorenjska,1376.0,1135.0,1327.0,1044.0,4882.0,AVG,2018,,,,,
Goriška,937.0,721.0,734.0,680.0,3072.0,AVG,2018,,,,,
Obalno-kraška,1134.0,984.0,1004.0,690.0,3812.0,AVG,2018,,,,,
Osrednjeslovenska,5346.0,4405.0,5291.0,4122.0,19164.0,AVG,2018,,,,,
,,,,,,AVG,2018,,,,,
Občina izven RS,247.0,43.0,43.0,54.0,387.0,AVG,2018,,,,,
Slovenija,22961.0,19174.0,18963.0,12683.0,73781.0,SEP,2018,,,,,
,,,,,,SEP,2018,,,,,
Vzhodna Slovenija,13929.0,11983.0,10689.0,6570.0,43171.0,SEP,2018,,,,,
Jugovzhodna Slovenija,2443.0,1314.0,995.0,585.0,5337.0,SEP,2018,,,,,
Koroška,530.0,694.0,566.0,345.0,2135.0,SEP,2018,,,,,
Podravska,3368.0,3426.0,3575.0,2205.0,12574.0,SEP,2018,,,,,
Pomurska,2289.0,1587.0,1122.0,721.0,5719.0,SEP,2018,,,,,
Posavska,1126.0,924.0,704.0,417.0,3171.0,SEP,2018,,,,,
Primorsko-notranjska,472.0,454.0,418.0,289.0,1633.0,SEP,2018,,,,,
Savinjska,2927.0,2935.0,2766.0,1683.0,10311.0,SEP,2018,,,,,
Zasavska,774.0,649.0,543.0,325.0,2291.0,SEP,2018,,,,,
,,,,,,SEP,2018,,,,,
Zahodna Slovenija,8784.0,7153.0,8236.0,6059.0,30232.0,SEP,2018,,,,,
Gorenjska,1367.0,1096.0,1296.0,910.0,4669.0,SEP,2018,,,,,
Goriška,937.0,720.0,708.0,626.0,2991.0,SEP,2018,,,,,
Obalno-kraška,1146.0,987.0,974.0,627.0,3734.0,SEP,2018,,,,,
Osrednjeslovenska,5334.0,4350.0,5258.0,3896.0,18838.0,SEP,2018,,,,,
,,,,,,SEP,2018,,,,,
Občina izven RS,248.0,38.0,38.0,54.0,378.0,SEP,2018,,,,,
Slovenija,23294.0,19335.0,20126.0,13477.0,76232.0,OKT,2018,,,,,
,,,,,,OKT,2018,,,,,
Vzhodna Slovenija,14099.0,12057.0,11389.0,7057.0,44602.0,OKT,2018,,,,,
Jugovzhodna Slovenija,2418.0,1302.0,1038.0,631.0,5389.0,OKT,2018,,,,,
Koroška,548.0,717.0,624.0,381.0,2270.0,OKT,2018,,,,,
Podravska,3453.0,3457.0,3775.0,2329.0,13014.0,OKT,2018,,,,,
Pomurska,2324.0,1590.0,1246.0,794.0,5954.0,OKT,2018,,,,,
Posavska,1133.0,937.0,772.0,465.0,3307.0,OKT,2018,,,,,
Primorsko-notranjska,482.0,453.0,441.0,294.0,1670.0,OKT,2018,,,,,
Savinjska,2952.0,2951.0,2929.0,1824.0,10656.0,OKT,2018,,,,,
Zasavska,789.0,650.0,564.0,339.0,2342.0,OKT,2018,,,,,
,,,,,,OKT,2018,,,,,
Zahodna Slovenija,8938.0,7243.0,8693.0,6362.0,31236.0,OKT,2018,,,,,
Gorenjska,1414.0,1126.0,1394.0,997.0,4931.0,OKT,2018,,,,,
Goriška,950.0,738.0,772.0,688.0,3148.0,OKT,2018,,,,,
Obalno-kraška,1221.0,1030.0,1057.0,641.0,3949.0,OKT,2018,,,,,
Osrednjeslovenska,5353.0,4349.0,5470.0,4036.0,19208.0,OKT,2018,,,,,
,,,,,,OKT,2018,,,,,
Občina izven RS,257.0,35.0,44.0,58.0,394.0,OKT,2018,,,,,
Slovenija,23560.0,19385.0,19858.0,13296.0,76099.0,NOV,2018,,,,,
,,,,,,NOV,2018,,,,,
Vzhodna Slovenija,14196.0,12093.0,11180.0,6950.0,44419.0,NOV,2018,,,,,
Jugovzhodna Slovenija,2403.0,1292.0,1026.0,632.0,5353.0,NOV,2018,,,,,
Koroška,554.0,720.0,599.0,370.0,2243.0,NOV,2018,,,,,
Podravska,3495.0,3503.0,3721.0,2304.0,13023.0,NOV,2018,,,,,
Pomurska,2351.0,1618.0,1226.0,798.0,5993.0,NOV,2018,,,,,
Posavska,1153.0,933.0,758.0,454.0,3298.0,NOV,2018,,,,,
Primorsko-notranjska,484.0,458.0,438.0,293.0,1673.0,NOV,2018,,,,,
Savinjska,2968.0,2912.0,2853.0,1769.0,10502.0,NOV,2018,,,,,
Zasavska,788.0,657.0,559.0,330.0,2334.0,NOV,2018,,,,,
,,,,,,NOV,2018,,,,,
Zahodna Slovenija,9089.0,7257.0,8636.0,6285.0,31267.0,NOV,2018,,,,,
Gorenjska,1440.0,1146.0,1409.0,960.0,4955.0,NOV,2018,,,,,
Goriška,949.0,739.0,780.0,668.0,3136.0,NOV,2018,,,,,
Obalno-kraška,1290.0,1056.0,1090.0,664.0,4100.0,NOV,2018,,,,,
Osrednjeslovenska,5410.0,4316.0,5357.0,3993.0,19076.0,NOV,2018,,,,,
,,,,,,NOV,2018,,,,,
Občina izven RS,275.0,35.0,42.0,61.0,413.0,NOV,2018,,,,,
Slovenija,25104.0,20255.0,19848.0,13327.0,78534.0,DEC,2018,,,,,
,,,,,,DEC,2018,,,,,
Vzhodna Slovenija,15123.0,12694.0,11226.0,6973.0,46016.0,DEC,2018,,,,,
Jugovzhodna Slovenija,2448.0,1306.0,1019.0,613.0,5386.0,DEC,2018,,,,,
Koroška,569.0,744.0,592.0,390.0,2295.0,DEC,2018,,,,,
Podravska,3746.0,3716.0,3781.0,2314.0,13557.0,DEC,2018,,,,,
Pomurska,2523.0,1799.0,1269.0,815.0,6406.0,DEC,2018,,,,,
Posavska,1274.0,992.0,752.0,464.0,3482.0,DEC,2018,,,,,
Primorsko-notranjska,510.0,475.0,446.0,292.0,1723.0,DEC,2018,,,,,
Savinjska,3260.0,3004.0,2807.0,1752.0,10823.0,DEC,2018,,,,,
Zasavska,793.0,658.0,560.0,333.0,2344.0,DEC,2018,,,,,
,,,,,,DEC,2018,,,,,
Zahodna Slovenija,9609.0,7503.0,8574.0,6292.0,31978.0,DEC,2018,,,,,
Gorenjska,1688.0,1220.0,1413.0,946.0,5267.0,DEC,2018,,,,,
Goriška,997.0,741.0,757.0,650.0,3145.0,DEC,2018,,,,,
Obalno-kraška,1334.0,1067.0,1092.0,667.0,4160.0,DEC,2018,,,,,
Osrednjeslovenska,5590.0,4475.0,5312.0,4029.0,19406.0,DEC,2018,,,,,
,,,,,,DEC,2018,,,,,
Občina izven RS,372.0,58.0,48.0,62.0,540.0,DEC,2018,,,,,
Slovenija,26807.0,21725.0,20656.0,13603.0,82791.0,JAN,2019,,,,,
,,,,,,JAN,2019,,,,,
Vzhodna Slovenija,16175.0,13685.0,11729.0,7204.0,48793.0,JAN,2019,,,,,
Jugovzhodna Slovenija,2516.0,1388.0,1058.0,665.0,5627.0,JAN,2019,,,,,
Koroška,623.0,812.0,616.0,400.0,2451.0,JAN,2019,,,,,
Podravska,4118.0,4064.0,3926.0,2394.0,14502.0,JAN,2019,,,,,
Pomurska,2689.0,1989.0,1401.0,869.0,6948.0,JAN,2019,,,,,
Posavska,1313.0,1026.0,779.0,448.0,3566.0,JAN,2019,,,,,
Primorsko-notranjska,536.0,499.0,455.0,289.0,1779.0,JAN,2019,,,,,
Savinjska,3555.0,3225.0,2924.0,1776.0,11480.0,JAN,2019,,,,,
Zasavska,825.0,682.0,570.0,363.0,2440.0,JAN,2019,,,,,
,,,,,,JAN,2019,,,,,
Zahodna Slovenija,10146.0,7960.0,8872.0,6331.0,33309.0,JAN,2019,,,,,
Gorenjska,1788.0,1311.0,1471.0,935.0,5505.0,JAN,2019,,,,,
Goriška,1058.0,773.0,785.0,644.0,3260.0,JAN,2019,,,,,
Obalno-kraška,1463.0,1156.0,1190.0,690.0,4499.0,JAN,2019,,,,,
Osrednjeslovenska,5837.0,4720.0,5426.0,4062.0,20045.0,JAN,2019,,,,,
,,,,,,JAN,2019,,,,,
Občina izven RS,486.0,80.0,55.0,68.0,689.0,JAN,2019,,,,,
Slovenija,26189.0,21129.0,20169.0,13268.0,80755.0,FEB,2019,,,,,
,,,,,,FEB,2019,,,,,
Vzhodna Slovenija,15823.0,13324.0,11451.0,7022.0,47620.0,FEB,2019,,,,,
Jugovzhodna Slovenija,2456.0,1364.0,1019.0,623.0,5462.0,FEB,2019,,,,,
Koroška,616.0,817.0,587.0,386.0,2406.0,FEB,2019,,,,,
Podravska,4011.0,3925.0,3829.0,2354.0,14119.0,FEB,2019,,,,,
Pomurska,2591.0,1912.0,1339.0,834.0,6676.0,FEB,2019,,,,,
Posavska,1240.0,989.0,759.0,428.0,3416.0,FEB,2019,,,,,
Primorsko-notranjska,539.0,471.0,447.0,268.0,1725.0,FEB,2019,,,,,
Savinjska,3539.0,3184.0,2909.0,1774.0,11406.0,FEB,2019,,,,,
Zasavska,831.0,662.0,562.0,355.0,2410.0,FEB,2019,,,,,
,,,,,,FEB,2019,,,,,
Zahodna Slovenija,9899.0,7729.0,8664.0,6184.0,32476.0,FEB,2019,,,,,
Gorenjska,1755.0,1251.0,1431.0,940.0,5377.0,FEB,2019,,,,,
Goriška,1015.0,734.0,775.0,615.0,3139.0,FEB,2019,,,,,
Obalno-kraška,1431.0,1138.0,1156.0,676.0,4401.0,FEB,2019,,,,,
Osrednjeslovenska,5698.0,4606.0,5302.0,3953.0,19559.0,FEB,2019,,,,,
,,,,,,FEB,2019,,,,,
Občina izven RS,467.0,76.0,54.0,62.0,659.0,FEB,2019,,,,,
Slovenija,24362.0,19983.0,19379.0,12809.0,76533.0,MAR,2019,,,,,
,,,,,,MAR,2019,,,,,
Vzhodna Slovenija,14659.0,12544.0,10945.0,6691.0,44839.0,MAR,2019,,,,,
Jugovzhodna Slovenija,2368.0,1297.0,965.0,599.0,5229.0,MAR,2019,,,,,
Koroška,595.0,770.0,594.0,368.0,2327.0,MAR,2019,,,,,
Podravska,3647.0,3693.0,3617.0,2258.0,13215.0,MAR,2019,,,,,
Pomurska,2360.0,1706.0,1263.0,766.0,6095.0,MAR,2019,,,,,
Posavska,1182.0,934.0,739.0,406.0,3261.0,MAR,2019,,,,,
Primorsko-notranjska,525.0,458.0,417.0,248.0,1648.0,MAR,2019,,,,,
Savinjska,3204.0,3026.0,2802.0,1712.0,10744.0,MAR,2019,,,,,
Zasavska,778.0,660.0,548.0,334.0,2320.0,MAR,2019,,,,,
,,,,,,MAR,2019,,,,,
Zahodna Slovenija,9296.0,7394.0,8390.0,6057.0,31137.0,MAR,2019,,,,,
Gorenjska,1563.0,1192.0,1364.0,936.0,5055.0,MAR,2019,,,,,
Goriška,972.0,727.0,737.0,600.0,3036.0,MAR,2019,,,,,
Obalno-kraška,1311.0,1077.0,1083.0,657.0,4128.0,MAR,2019,,,,,
Osrednjeslovenska,5450.0,4398.0,5206.0,3864.0,18918.0,MAR,2019,,,,,
,,,,,,MAR,2019,,,,,
Občina izven RS,407.0,45.0,44.0,61.0,557.0,MAR,2019,,,,,
Slovenija,23395.0,19288.0,18824.0,12458.0,73965.0,APR,2019,,,,,
,,,,,,APR,2019,,,,,
Vzhodna Slovenija,14069.0,12066.0,10648.0,6494.0,43277.0,APR,2019,,,,,
Jugovzhodna Slovenija,2285.0,1264.0,952.0,564.0,5065.0,APR,2019,,,,,
Koroška,566.0,753.0,577.0,358.0,2254.0,APR,2019,,,,,
Podravska,3496.0,3523.0,3532.0,2217.0,12768.0,APR,2019,,,,,
Pomurska,2250.0,1579.0,1194.0,735.0,5758.0,APR,2019,,,,,
Posavska,1126.0,907.0,693.0,395.0,3121.0,APR,2019,,,,,
Primorsko-notranjska,490.0,433.0,408.0,230.0,1561.0,APR,2019,,,,,
Savinjska,3079.0,2958.0,2754.0,1664.0,10455.0,APR,2019,,,,,
Zasavska,777.0,649.0,538.0,331.0,2295.0,APR,2019,,,,,
,,,,,,APR,2019,,,,,
Zahodna Slovenija,8961.0,7173.0,8134.0,5902.0,30170.0,APR,2019,,,,,
Gorenjska,1481.0,1189.0,1296.0,892.0,4858.0,APR,2019,,,,,
Goriška,953.0,687.0,703.0,582.0,2925.0,APR,2019,,,,,
Obalno-kraška,1224.0,1018.0,1044.0,617.0,3903.0,APR,2019,,,,,
Osrednjeslovenska,5303.0,4279.0,5091.0,3811.0,18484.0,APR,2019,,,,,
,,,,,,APR,2019,,,,,
Občina izven RS,365.0,49.0,42.0,62.0,518.0,APR,2019,,,,,
Slovenija,22809.0,18749.0,18273.0,12181.0,72012.0,MAJ,2019,,,,,
,,,,,,MAJ,2019,,,,,
Vzhodna Slovenija,13701.0,11720.0,10322.0,6365.0,42108.0,MAJ,2019,,,,,
Jugovzhodna Slovenija,2244.0,1237.0,914.0,539.0,4934.0,MAJ,2019,,,,,
Koroška,556.0,741.0,574.0,354.0,2225.0,MAJ,2019,,,,,
Podravska,3382.0,3391.0,3432.0,2183.0,12388.0,MAJ,2019,,,,,
Pomurska,2204.0,1538.0,1159.0,711.0,5612.0,MAJ,2019,,,,,
Posavska,1104.0,896.0,661.0,384.0,3045.0,MAJ,2019,,,,,
Primorsko-notranjska,480.0,424.0,388.0,227.0,1519.0,MAJ,2019,,,,,
Savinjska,2976.0,2877.0,2649.0,1637.0,10139.0,MAJ,2019,,,,,
Zasavska,755.0,616.0,545.0,330.0,2246.0,MAJ,2019,,,,,
,,,,,,MAJ,2019,,,,,
Zahodna Slovenija,8781.0,6979.0,7915.0,5758.0,29433.0,MAJ,2019,,,,,
Gorenjska,1421.0,1135.0,1265.0,860.0,4681.0,MAJ,2019,,,,,
Goriška,916.0,681.0,671.0,561.0,2829.0,MAJ,2019,,,,,
Obalno-kraška,1166.0,965.0,997.0,594.0,3722.0,MAJ,2019,,,,,
Osrednjeslovenska,5278.0,4198.0,4982.0,3743.0,18201.0,MAJ,2019,,,,,
,,,,,,MAJ,2019,,,,,
Občina izven RS,327.0,50.0,36.0,58.0,471.0,MAJ,2019,,,,,
Slovenija,22297.0,18451.0,17983.0,12016.0,70747.0,JUN,2019,,,,,
,,,,,,JUN,2019,,,,,
Vzhodna Slovenija,13424.0,11551.0,10125.0,6302.0,41402.0,JUN,2019,,,,,
Jugovzhodna Slovenija,2216.0,1218.0,917.0,532.0,4883.0,JUN,2019,,,,,
Koroška,527.0,726.0,571.0,353.0,2177.0,JUN,2019,,,,,
Podravska,3315.0,3342.0,3365.0,2156.0,12178.0,JUN,2019,,,,,
Pomurska,2173.0,1530.0,1136.0,695.0,5534.0,JUN,2019,,,,,
Posavska,1087.0,884.0,656.0,372.0,2999.0,JUN,2019,,,,,
Primorsko-notranjska,471.0,422.0,364.0,229.0,1486.0,JUN,2019,,,,,
Savinjska,2900.0,2834.0,2592.0,1648.0,9974.0,JUN,2019,,,,,
Zasavska,735.0,595.0,524.0,317.0,2171.0,JUN,2019,,,,,
,,,,,,JUN,2019,,,,,
Zahodna Slovenija,8566.0,6853.0,7819.0,5658.0,28896.0,JUN,2019,,,,,
Gorenjska,1377.0,1102.0,1254.0,876.0,4609.0,JUN,2019,,,,,
Goriška,871.0,669.0,654.0,548.0,2742.0,JUN,2019,,,,,
Obalno-kraška,1105.0,915.0,958.0,569.0,3547.0,JUN,2019,,,,,
Osrednjeslovenska,5213.0,4167.0,4953.0,3665.0,17998.0,JUN,2019,,,,,
,,,,,,JUN,2019,,,,,
Občina izven RS,307.0,47.0,39.0,56.0,449.0,JUN,2019,,,,,
Slovenija,22252.0,18565.0,18240.0,12793.0,71850.0,JUL,2019,,,,,
,,,,,,JUL,2019,,,,,
Vzhodna Slovenija,13364.0,11644.0,10301.0,6765.0,42074.0,JUL,2019,,,,,
Jugovzhodna Slovenija,2231.0,1243.0,950.0,578.0,5002.0,JUL,2019,,,,,
Koroška,521.0,727.0,582.0,395.0,2225.0,JUL,2019,,,,,
Podravska,3289.0,3364.0,3387.0,2281.0,12321.0,JUL,2019,,,,,
Pomurska,2151.0,1541.0,1147.0,772.0,5611.0,JUL,2019,,,,,
Posavska,1075.0,890.0,657.0,417.0,3039.0,JUL,2019,,,,,
Primorsko-notranjska,449.0,423.0,364.0,255.0,1491.0,JUL,2019,,,,,
Savinjska,2897.0,2851.0,2675.0,1726.0,10149.0,JUL,2019,,,,,
Zasavska,751.0,605.0,539.0,341.0,2236.0,JUL,2019,,,,,
,,,,,,JUL,2019,,,,,
Zahodna Slovenija,8571.0,6880.0,7901.0,5973.0,29325.0,JUL,2019,,,,,
Gorenjska,1380.0,1098.0,1244.0,941.0,4663.0,JUL,2019,,,,,
Goriška,894.0,660.0,646.0,611.0,2811.0,JUL,2019,,,,,
Obalno-kraška,1079.0,920.0,957.0,619.0,3575.0,JUL,2019,,,,,
Osrednjeslovenska,5218.0,4202.0,5054.0,3802.0,18276.0,JUL,2019,,,,,
,,,,,,JUL,2019,,,,,
Občina izven RS,317.0,41.0,38.0,55.0,451.0,JUL,2019,,,,,
Slovenija,22146.0,18472.0,18114.0,12812.0,71544.0,AVG,2019,,,,,
,,,,,,AVG,2019,,,,,
Vzhodna Slovenija,13309.0,11598.0,10243.0,6779.0,41929.0,AVG,2019,,,,,
Jugovzhodna Slovenija,2256.0,1235.0,957.0,592.0,5040.0,AVG,2019,,,,,
Koroška,523.0,737.0,566.0,401.0,2227.0,AVG,2019,,,,,
Podravska,3244.0,3336.0,3367.0,2295.0,12242.0,AVG,2019,,,,,
Pomurska,2189.0,1571.0,1144.0,754.0,5658.0,AVG,2019,,,,,
Posavska,1064.0,890.0,658.0,438.0,3050.0,AVG,2019,,,,,
Primorsko-notranjska,442.0,419.0,366.0,251.0,1478.0,AVG,2019,,,,,
Savinjska,2864.0,2812.0,2653.0,1710.0,10039.0,AVG,2019,,,,,
Zasavska,727.0,598.0,532.0,338.0,2195.0,AVG,2019,,,,,
,,,,,,AVG,2019,,,,,
Zahodna Slovenija,8524.0,6834.0,7835.0,5980.0,29173.0,AVG,2019,,,,,
Gorenjska,1389.0,1088.0,1245.0,961.0,4683.0,AVG,2019,,,,,
Goriška,885.0,648.0,640.0,622.0,2795.0,AVG,2019,,,,,
Obalno-kraška,1074.0,933.0,952.0,634.0,3593.0,AVG,2019,,,,,
Osrednjeslovenska,5176.0,4165.0,4998.0,3763.0,18102.0,AVG,2019,,,,,
,,,,,,AVG,2019,,,,,
Občina izven RS,313.0,40.0,36.0,53.0,442.0,AVG,2019,,,,,
Slovenija,22051.0,18312.0,17653.0,11818.0,69834.0,SEP,2019,,,,,
,,,,,,SEP,2019,,,,,
Vzhodna Slovenija,13255.0,11482.0,9925.0,6154.0,40816.0,SEP,2019,,,,,
Jugovzhodna Slovenija,2289.0,1220.0,934.0,544.0,4987.0,SEP,2019,,,,,
Koroška,523.0,732.0,555.0,360.0,2170.0,SEP,2019,,,,,
Podravska,3196.0,3265.0,3249.0,2079.0,11789.0,SEP,2019,,,,,
Pomurska,2172.0,1548.0,1106.0,678.0,5504.0,SEP,2019,,,,,
Posavska,1076.0,896.0,653.0,386.0,3011.0,SEP,2019,,,,,
Primorsko-notranjska,447.0,411.0,378.0,215.0,1451.0,SEP,2019,,,,,
Savinjska,2822.0,2806.0,2547.0,1587.0,9762.0,SEP,2019,,,,,
Zasavska,730.0,604.0,503.0,305.0,2142.0,SEP,2019,,,,,
,,,,,,SEP,2019,,,,,
Zahodna Slovenija,8465.0,6786.0,7691.0,5614.0,28556.0,SEP,2019,,,,,
Gorenjska,1361.0,1094.0,1236.0,880.0,4571.0,SEP,2019,,,,,
Goriška,865.0,644.0,632.0,556.0,2697.0,SEP,2019,,,,,
Obalno-kraška,1078.0,918.0,935.0,599.0,3530.0,SEP,2019,,,,,
Osrednjeslovenska,5161.0,4130.0,4888.0,3579.0,17758.0,SEP,2019,,,,,
,,,,,,SEP,2019,,,,,
Občina izven RS,331.0,44.0,37.0,50.0,462.0,SEP,2019,,,,,
Slovenija,22371.0,18536.0,18852.0,12657.0,72416.0,OKT,2019,,,,,
,,,,,,OKT,2019,,,,,
Vzhodna Slovenija,13440.0,11687.0,10647.0,6645.0,42419.0,OKT,2019,,,,,
Jugovzhodna Slovenija,2288.0,1232.0,964.0,589.0,5073.0,OKT,2019,,,,,
Koroška,553.0,770.0,626.0,397.0,2346.0,OKT,2019,,,,,
Podravska,3311.0,3328.0,3481.0,2238.0,12358.0,OKT,2019,,,,,
Pomurska,2174.0,1585.0,1241.0,747.0,5747.0,OKT,2019,,,,,
Posavska,1070.0,900.0,691.0,398.0,3059.0,OKT,2019,,,,,
Primorsko-notranjska,466.0,403.0,412.0,235.0,1516.0,OKT,2019,,,,,
Savinjska,2842.0,2857.0,2692.0,1730.0,10121.0,OKT,2019,,,,,
Zasavska,736.0,612.0,540.0,311.0,2199.0,OKT,2019,,,,,
,,,,,,OKT,2019,,,,,
Zahodna Slovenija,8553.0,6797.0,8170.0,5956.0,29476.0,OKT,2019,,,,,
Gorenjska,1382.0,1100.0,1401.0,985.0,4868.0,OKT,2019,,,,,
Goriška,852.0,652.0,682.0,598.0,2784.0,OKT,2019,,,,,
Obalno-kraška,1114.0,929.0,978.0,622.0,3643.0,OKT,2019,,,,,
Osrednjeslovenska,5205.0,4116.0,5109.0,3751.0,18181.0,OKT,2019,,,,,
,,,,,,OKT,2019,,,,,
Občina izven RS,378.0,52.0,35.0,56.0,521.0,OKT,2019,,,,,
Slovenija,22462.0,18566.0,18868.0,12499.0,72395.0,NOV,2019,,,,,
,,,,,,NOV,2019,,,,,
Vzhodna Slovenija,13507.0,11764.0,10697.0,6578.0,42546.0,NOV,2019,,,,,
Jugovzhodna Slovenija,2280.0,1206.0,962.0,580.0,5028.0,NOV,2019,,,,,
Koroška,567.0,778.0,633.0,388.0,2366.0,NOV,2019,,,,,
Podravska,3315.0,3355.0,3525.0,2207.0,12402.0,NOV,2019,,,,,
Pomurska,2176.0,1617.0,1269.0,749.0,5811.0,NOV,2019,,,,,
Posavska,1086.0,921.0,701.0,393.0,3101.0,NOV,2019,,,,,
Primorsko-notranjska,471.0,401.0,406.0,235.0,1513.0,NOV,2019,,,,,
Savinjska,2875.0,2871.0,2675.0,1715.0,10136.0,NOV,2019,,,,,
Zasavska,737.0,615.0,526.0,311.0,2189.0,NOV,2019,,,,,
,,,,,,NOV,2019,,,,,
Zahodna Slovenija,8573.0,6746.0,8146.0,5862.0,29327.0,NOV,2019,,,,,
Gorenjska,1379.0,1074.0,1397.0,968.0,4818.0,NOV,2019,,,,,
Goriška,871.0,648.0,688.0,583.0,2790.0,NOV,2019,,,,,
Obalno-kraška,1166.0,941.0,1039.0,627.0,3773.0,NOV,2019,,,,,
Osrednjeslovenska,5157.0,4083.0,5022.0,3684.0,17946.0,NOV,2019,,,,,
,,,,,,NOV,2019,,,,,
Občina izven RS,382.0,56.0,25.0,59.0,522.0,NOV,2019,,,,,
Slovenija,24248.0,19503.0,19065.0,12476.0,75292.0,DEC,2019,,,,,
,,,,,,DEC,2019,,,,,
Vzhodna Slovenija,14566.0,12490.0,10840.0,6547.0,44443.0,DEC,2019,,,,,
Jugovzhodna Slovenija,2333.0,1270.0,959.0,582.0,5144.0,DEC,2019,,,,,
Koroška,589.0,820.0,645.0,372.0,2426.0,DEC,2019,,,,,
Podravska,3581.0,3571.0,3571.0,2196.0,12919.0,DEC,2019,,,,,
Pomurska,2341.0,1820.0,1331.0,757.0,6249.0,DEC,2019,,,,,
Posavska,1173.0,970.0,735.0,387.0,3265.0,DEC,2019,,,,,
Primorsko-notranjska,489.0,415.0,413.0,235.0,1552.0,DEC,2019,,,,,
Savinjska,3275.0,2999.0,2664.0,1695.0,10633.0,DEC,2019,,,,,
Zasavska,785.0,625.0,522.0,323.0,2255.0,DEC,2019,,,,,
,,,,,,DEC,2019,,,,,
Zahodna Slovenija,9110.0,6929.0,8193.0,5859.0,30091.0,DEC,2019,,,,,
Gorenjska,1651.0,1153.0,1396.0,966.0,5166.0,DEC,2019,,,,,
Goriška,920.0,644.0,704.0,581.0,2849.0,DEC,2019,,,,,
Obalno-kraška,1247.0,960.0,1078.0,634.0,3919.0,DEC,2019,,,,,
Osrednjeslovenska,5292.0,4172.0,5015.0,3678.0,18157.0,DEC,2019,,,,,
,,,,,,DEC,2019,,,,,
Občina izven RS,572.0,84.0,32.0,70.0,758.0,DEC,2019,,,,,
Slovenija,25858.0,20922.0,20106.0,12955.0,79841.0,JAN,2020,,,,,
,,,,,,JAN,2020,,,,,
Vzhodna Slovenija,15587.0,13487.0,11530.0,6860.0,47464.0,JAN,2020,,,,,
Jugovzhodna Slovenija,2419.0,1345.0,1030.0,599.0,5393.0,JAN,2020,,,,,
Koroška,670.0,919.0,683.0,374.0,2646.0,JAN,2020,,,,,
Podravska,3899.0,3893.0,3780.0,2288.0,13860.0,JAN,2020,,,,,
Pomurska,2496.0,2013.0,1434.0,829.0,6772.0,JAN,2020,,,,,
Posavska,1221.0,1037.0,783.0,413.0,3454.0,JAN,2020,,,,,
Primorsko-notranjska,509.0,440.0,445.0,248.0,1642.0,JAN,2020,,,,,
Savinjska,3534.0,3166.0,2815.0,1772.0,11287.0,JAN,2020,,,,,
Zasavska,839.0,674.0,560.0,337.0,2410.0,JAN,2020,,,,,
,,,,,,JAN,2020,,,,,
Zahodna Slovenija,9570.0,7304.0,8537.0,6033.0,31444.0,JAN,2020,,,,,
Gorenjska,1764.0,1217.0,1469.0,1006.0,5456.0,JAN,2020,,,,,
Goriška,967.0,692.0,747.0,609.0,3015.0,JAN,2020,,,,,
Obalno-kraška,1363.0,1067.0,1200.0,701.0,4331.0,JAN,2020,,,,,
Osrednjeslovenska,5476.0,4328.0,5121.0,3717.0,18642.0,JAN,2020,,,,,
,,,,,,JAN,2020,,,,,
Občina izven RS,701.0,131.0,39.0,62.0,933.0,JAN,2020,,,,,
Slovenija,25080.0,20411.0,19474.0,12519.0,77484.0,FEB,2020,,,,,
,,,,,,FEB,2020,,,,,
Vzhodna Slovenija,15116.0,13131.0,11117.0,6635.0,45999.0,FEB,2020,,,,,
Jugovzhodna Slovenija,2369.0,1328.0,980.0,588.0,5265.0,FEB,2020,,,,,
Koroška,655.0,900.0,655.0,372.0,2582.0,FEB,2020,,,,,
Podravska,3765.0,3767.0,3680.0,2200.0,13412.0,FEB,2020,,,,,
Pomurska,2393.0,1905.0,1338.0,786.0,6422.0,FEB,2020,,,,,
Posavska,1176.0,1005.0,741.0,400.0,3322.0,FEB,2020,,,,,
Primorsko-notranjska,500.0,436.0,429.0,244.0,1609.0,FEB,2020,,,,,
Savinjska,3430.0,3147.0,2749.0,1740.0,11066.0,FEB,2020,,,,,
Zasavska,828.0,643.0,545.0,305.0,2321.0,FEB,2020,,,,,
,,,,,,FEB,2020,,,,,
Zahodna Slovenija,9311.0,7155.0,8314.0,5820.0,30600.0,FEB,2020,,,,,
Gorenjska,1686.0,1179.0,1436.0,940.0,5241.0,FEB,2020,,,,,
Goriška,938.0,672.0,698.0,588.0,2896.0,FEB,2020,,,,,
Obalno-kraška,1304.0,1052.0,1161.0,685.0,4202.0,FEB,2020,,,,,
Osrednjeslovenska,5383.0,4252.0,5019.0,3607.0,18261.0,FEB,2020,,,,,
,,,,,,FEB,2020,,,,,
Občina izven RS,653.0,125.0,43.0,64.0,885.0,FEB,2020,,,,,
Slovenija,24662.0,20544.0,19963.0,12686.0,77855.0,MAR,2020,,,,,
,,,,,,MAR,2020,,,,,
Vzhodna Slovenija,14765.0,13082.0,11317.0,6670.0,45834.0,MAR,2020,,,,,
Jugovzhodna Slovenija,2347.0,1299.0,976.0,581.0,5203.0,MAR,2020,,,,,
Koroška,672.0,916.0,707.0,404.0,2699.0,MAR,2020,,,,,
Podravska,3711.0,3805.0,3801.0,2255.0,13572.0,MAR,2020,,,,,
Pomurska,2263.0,1851.0,1277.0,750.0,6141.0,MAR,2020,,,,,
Posavska,1144.0,1006.0,768.0,397.0,3315.0,MAR,2020,,,,,
Primorsko-notranjska,508.0,427.0,429.0,247.0,1611.0,MAR,2020,,,,,
Savinjska,3285.0,3135.0,2807.0,1735.0,10962.0,MAR,2020,,,,,
Zasavska,835.0,643.0,552.0,301.0,2331.0,MAR,2020,,,,,
,,,,,,MAR,2020,,,,,
Zahodna Slovenija,9279.0,7345.0,8597.0,5944.0,31165.0,MAR,2020,,,,,
Gorenjska,1635.0,1285.0,1516.0,966.0,5402.0,MAR,2020,,,,,
Goriška,967.0,700.0,725.0,588.0,2980.0,MAR,2020,,,,,
Obalno-kraška,1302.0,1075.0,1212.0,694.0,4283.0,MAR,2020,,,,,
Osrednjeslovenska,5375.0,4285.0,5144.0,3696.0,18500.0,MAR,2020,,,,,
,,,,,,MAR,2020,,,,,
Občina izven RS,618.0,117.0,49.0,72.0,856.0,MAR,2020,,,,,
Slovenija,27643.0,23346.0,23372.0,14287.0,88648.0,APRIL,2020,,,,,
,,,,,,APRIL,2020,,,,,
Vzhodna Slovenija,16143.0,14683.0,13144.0,7481.0,51451.0,APRIL,2020,,,,,
Jugovzhodna Slovenija,2486.0,1436.0,1127.0,657.0,5706.0,APRIL,2020,,,,,
Koroška,732.0,1019.0,844.0,466.0,3061.0,APRIL,2020,,,,,
Podravska,4230.0,4433.0,4493.0,2561.0,15717.0,APRIL,2020,,,,,
Pomurska,2399.0,1985.0,1491.0,817.0,6692.0,APRIL,2020,,,,,
Posavska,1211.0,1096.0,854.0,428.0,3589.0,APRIL,2020,,,,,
Primorsko-notranjska,564.0,483.0,511.0,263.0,1821.0,APRIL,2020,,,,,
Savinjska,3616.0,3539.0,3205.0,1965.0,12325.0,APRIL,2020,,,,,
Zasavska,905.0,692.0,619.0,324.0,2540.0,APRIL,2020,,,,,
,,,,,,APRIL,2020,,,,,
Zahodna Slovenija,10690.0,8517.0,10158.0,6725.0,36090.0,APRIL,2020,,,,,
Gorenjska,1980.0,1559.0,1914.0,1125.0,6578.0,APRIL,2020,,,,,
Goriška,1111.0,812.0,859.0,668.0,3450.0,APRIL,2020,,,,,
Obalno-kraška,1668.0,1282.0,1449.0,784.0,5183.0,APRIL,2020,,,,,
Osrednjeslovenska,5931.0,4864.0,5936.0,4148.0,20879.0,APRIL,2020,,,,,
,,,,,,APRIL,2020,,,,,
Občina izven RS,810.0,146.0,70.0,81.0,1107.0,APRIL,2020,,,,,
Slovenija,27975.0,23575.0,24001.0,14864.0,90415.0,MAJ,2020,,,,,
,,,,,,MAJ,2020,,,,,
Vzhodna Slovenija,16142.0,14722.0,13344.0,7719.0,51927.0,MAJ,2020,,,,,
Jugovzhodna Slovenija,2514.0,1476.0,1171.0,692.0,5853.0,MAJ,2020,,,,,
Koroška,738.0,983.0,850.0,470.0,3041.0,MAJ,2020,,,,,
Podravska,4189.0,4420.0,4547.0,2656.0,15812.0,MAJ,2020,,,,,
Pomurska,2340.0,1924.0,1444.0,824.0,6532.0,MAJ,2020,,,,,
Posavska,1221.0,1116.0,863.0,447.0,3647.0,MAJ,2020,,,,,
Primorsko-notranjska,585.0,499.0,542.0,281.0,1907.0,MAJ,2020,,,,,
Savinjska,3639.0,3591.0,3304.0,2017.0,12551.0,MAJ,2020,,,,,
Zasavska,916.0,713.0,623.0,332.0,2584.0,MAJ,2020,,,,,
,,,,,,MAJ,2020,,,,,
Zahodna Slovenija,11031.0,8694.0,10578.0,7054.0,37357.0,MAJ,2020,,,,,
Gorenjska,2068.0,1632.0,2022.0,1205.0,6927.0,MAJ,2020,,,,,
Goriška,1151.0,842.0,887.0,701.0,3581.0,MAJ,2020,,,,,
Obalno-kraška,1744.0,1314.0,1514.0,828.0,5400.0,MAJ,2020,,,,,
Osrednjeslovenska,6068.0,4906.0,6155.0,4320.0,21449.0,MAJ,2020,,,,,
,,,,,,MAJ,2020,,,,,
Občina izven RS,802.0,159.0,79.0,91.0,1131.0,MAJ,2020,,,,,
Slovenija,27635.0,23277.0,23576.0,14889.0,89377.0,JUN,2020,,,,,
,,,,,,JUN,2020,,,,,
Vzhodna Slovenija,16016.0,14517.0,13022.0,7687.0,51242.0,JUN,2020,,,,,
Jugovzhodna Slovenija,2592.0,1524.0,1203.0,696.0,6015.0,JUN,2020,,,,,
Koroška,746.0,983.0,818.0,471.0,3018.0,JUN,2020,,,,,
Podravska,4062.0,4242.0,4342.0,2584.0,15230.0,JUN,2020,,,,,
Pomurska,2254.0,1846.0,1337.0,774.0,6211.0,JUN,2020,,,,,
Posavska,1247.0,1136.0,859.0,482.0,3724.0,JUN,2020,,,,,
Primorsko-notranjska,592.0,495.0,520.0,293.0,1900.0,JUN,2020,,,,,
Savinjska,3581.0,3570.0,3320.0,2048.0,12519.0,JUN,2020,,,,,
Zasavska,942.0,721.0,623.0,339.0,2625.0,JUN,2020,,,,,
,,,,,,JUN,2020,,,,,
Zahodna Slovenija,10903.0,8645.0,10482.0,7114.0,37144.0,JUN,2020,,,,,
Gorenjska,2011.0,1643.0,1980.0,1207.0,6841.0,JUN,2020,,,,,
Goriška,1148.0,855.0,906.0,705.0,3614.0,JUN,2020,,,,,
Obalno-kraška,1619.0,1237.0,1455.0,832.0,5143.0,JUN,2020,,,,,
Osrednjeslovenska,6125.0,4910.0,6141.0,4370.0,21546.0,JUN,2020,,,,,
,,,,,,JUN,2020,,,,,
Občina izven RS,716.0,115.0,72.0,88.0,991.0,JUN,2020,,,,,
Slovenija,27255.0,23126.0,23510.0,15506.0,89397.0,JUL,2020,,,,,
,,,,,,JUL,2020,,,,,
Vzhodna Slovenija,15852.0,14458.0,12966.0,7963.0,51239.0,JUL,2020,,,,,
Jugovzhodna Slovenija,2621.0,1592.0,1237.0,764.0,6214.0,JUL,2020,,,,,
Koroška,722.0,967.0,820.0,461.0,2970.0,JUL,2020,,,,,
Podravska,3949.0,4173.0,4269.0,2648.0,15039.0,JUL,2020,,,,,
Pomurska,2225.0,1788.0,1335.0,812.0,6160.0,JUL,2020,,,,,
Posavska,1233.0,1143.0,855.0,504.0,3735.0,JUL,2020,,,,,
Primorsko-notranjska,596.0,487.0,536.0,309.0,1928.0,JUL,2020,,,,,
Savinjska,3539.0,3574.0,3284.0,2100.0,12497.0,JUL,2020,,,,,
Zasavska,967.0,734.0,630.0,365.0,2696.0,JUL,2020,,,,,
,,,,,,JUL,2020,,,,,
Zahodna Slovenija,10756.0,8575.0,10474.0,7445.0,37250.0,JUL,2020,,,,,
Gorenjska,1943.0,1625.0,1953.0,1271.0,6792.0,JUL,2020,,,,,
Goriška,1130.0,853.0,910.0,750.0,3643.0,JUL,2020,,,,,
Obalno-kraška,1531.0,1180.0,1397.0,873.0,4981.0,JUL,2020,,,,,
Osrednjeslovenska,6152.0,4917.0,6214.0,4551.0,21834.0,JUL,2020,,,,,
,,,,,,JUL,2020,,,,,
Občina izven RS,647.0,93.0,70.0,98.0,908.0,JUL,2020,,,,,
Slovenija,26788.0,22691.0,23158.0,15535.0,88172.0,AVG,2020,,,,,
,,,,,,AVG,2020,,,,,
Vzhodna Slovenija,15514.0,14170.0,12717.0,7980.0,50381.0,AVG,2020,,,,,
Jugovzhodna Slovenija,2617.0,1580.0,1222.0,776.0,6195.0,AVG,2020,,,,,
Koroška,689.0,927.0,798.0,456.0,2870.0,AVG,2020,,,,,
Podravska,3900.0,4119.0,4174.0,2632.0,14825.0,AVG,2020,,,,,
Pomurska,2156.0,1735.0,1294.0,799.0,5984.0,AVG,2020,,,,,
Posavska,1206.0,1131.0,846.0,521.0,3704.0,AVG,2020,,,,,
Primorsko-notranjska,596.0,488.0,528.0,330.0,1942.0,AVG,2020,,,,,
Savinjska,3387.0,3448.0,3214.0,2086.0,12135.0,AVG,2020,,,,,
Zasavska,963.0,742.0,641.0,380.0,2726.0,AVG,2020,,,,,
,,,,,,AVG,2020,,,,,
Zahodna Slovenija,10654.0,8445.0,10379.0,7456.0,36934.0,AVG,2020,,,,,
Gorenjska,1928.0,1544.0,1912.0,1270.0,6654.0,AVG,2020,,,,,
Goriška,1108.0,822.0,900.0,756.0,3586.0,AVG,2020,,,,,
Obalno-kraška,1462.0,1175.0,1372.0,866.0,4875.0,AVG,2020,,,,,
Osrednjeslovenska,6156.0,4904.0,6195.0,4564.0,21819.0,AVG,2020,,,,,
,,,,,,AVG,2020,,,,,
Občina izven RS,620.0,76.0,62.0,99.0,857.0,AVG,2020,,,,,
Slovenija,25763.0,21582.0,22078.0,14343.0,83766.0,SEP,2020,,,,,
,,,,,,SEP,2020,,,,,
Vzhodna Slovenija,14864.0,13339.0,11976.0,7248.0,47427.0,SEP,2020,,,,,
Jugovzhodna Slovenija,2527.0,1487.0,1170.0,706.0,5890.0,SEP,2020,,,,,
Koroška,616.0,844.0,692.0,401.0,2553.0,SEP,2020,,,,,
Podravska,3841.0,3958.0,4031.0,2371.0,14201.0,SEP,2020,,,,,
Pomurska,2080.0,1620.0,1186.0,720.0,5606.0,SEP,2020,,,,,
Posavska,1159.0,1101.0,799.0,483.0,3542.0,SEP,2020,,,,,
Primorsko-notranjska,574.0,458.0,503.0,299.0,1834.0,SEP,2020,,,,,
Savinjska,3158.0,3181.0,3004.0,1908.0,11251.0,SEP,2020,,,,,
Zasavska,909.0,690.0,591.0,360.0,2550.0,SEP,2020,,,,,
,,,,,,SEP,2020,,,,,
Zahodna Slovenija,10331.0,8181.0,10043.0,7007.0,35562.0,SEP,2020,,,,,
Gorenjska,1796.0,1470.0,1815.0,1133.0,6214.0,SEP,2020,,,,,
Goriška,1082.0,798.0,863.0,688.0,3431.0,SEP,2020,,,,,
Obalno-kraška,1399.0,1160.0,1320.0,808.0,4687.0,SEP,2020,,,,,
Osrednjeslovenska,6054.0,4753.0,6045.0,4378.0,21230.0,SEP,2020,,,,,
,,,,,,SEP,2020,,,,,
Občina izven RS,568.0,62.0,59.0,88.0,777.0,SEP,2020,,,,,
Slovenija,25397.0,21303.0,22427.0,14527.0,83654.0,OKT,2020,,,,,
,,,,,,OKT,2020,,,,,
Vzhodna Slovenija,14672.0,13135.0,12290.0,7404.0,47501.0,OKT,2020,,,,,
Jugovzhodna Slovenija,2458.0,1394.0,1164.0,690.0,5706.0,OKT,2020,,,,,
Koroška,602.0,825.0,705.0,419.0,2551.0,OKT,2020,,,,,
Podravska,3865.0,4003.0,4139.0,2453.0,14460.0,OKT,2020,,,,,
Pomurska,2045.0,1575.0,1249.0,742.0,5611.0,OKT,2020,,,,,
Posavska,1163.0,1072.0,817.0,499.0,3551.0,OKT,2020,,,,,
Primorsko-notranjska,550.0,453.0,494.0,293.0,1790.0,OKT,2020,,,,,
Savinjska,3074.0,3129.0,3092.0,1960.0,11255.0,OKT,2020,,,,,
Zasavska,915.0,684.0,630.0,348.0,2577.0,OKT,2020,,,,,
,,,,,,OKT,2020,,,,,
Zahodna Slovenija,10198.0,8112.0,10080.0,7043.0,35433.0,OKT,2020,,,,,
Gorenjska,1764.0,1476.0,1857.0,1131.0,6228.0,OKT,2020,,,,,
Goriška,1064.0,783.0,886.0,703.0,3436.0,OKT,2020,,,,,
Obalno-kraška,1391.0,1161.0,1299.0,801.0,4652.0,OKT,2020,,,,,
Osrednjeslovenska,5979.0,4692.0,6038.0,4408.0,21117.0,OKT,2020,,,,,
,,,,,,OKT,2020,,,,,
Občina izven RS,527.0,56.0,57.0,80.0,720.0,OKT,2020,,,,,
Slovenija,25622.0,21519.0,22618.0,14380.0,84139.0,NOV,2020,,,,,
,,,,,,NOV,2020,,,,,
Vzhodna Slovenija,14730.0,13196.0,12383.0,7351.0,47660.0,NOV,2020,,,,,
Jugovzhodna Slovenija,2445.0,1369.0,1141.0,671.0,5626.0,NOV,2020,,,,,
Koroška,566.0,805.0,699.0,424.0,2494.0,NOV,2020,,,,,
Podravska,3935.0,4102.0,4215.0,2493.0,14745.0,NOV,2020,,,,,
Pomurska,2083.0,1592.0,1301.0,737.0,5713.0,NOV,2020,,,,,
Posavska,1163.0,1064.0,827.0,496.0,3550.0,NOV,2020,,,,,
Primorsko-notranjska,537.0,452.0,475.0,289.0,1753.0,NOV,2020,,,,,
Savinjska,3082.0,3131.0,3095.0,1895.0,11203.0,NOV,2020,,,,,
Zasavska,919.0,681.0,630.0,346.0,2576.0,NOV,2020,,,,,
,,,,,,NOV,2020,,,,,
Zahodna Slovenija,10370.0,8258.0,10174.0,6947.0,35749.0,NOV,2020,,,,,
Gorenjska,1764.0,1498.0,1832.0,1114.0,6208.0,NOV,2020,,,,,
Goriška,1065.0,778.0,892.0,691.0,3426.0,NOV,2020,,,,,
Obalno-kraška,1515.0,1242.0,1387.0,818.0,4962.0,NOV,2020,,,,,
Osrednjeslovenska,6026.0,4740.0,6063.0,4324.0,21153.0,NOV,2020,,,,,
,,,,,,NOV,2020,,,,,
Občina izven RS,522.0,65.0,61.0,82.0,730.0,NOV,2020,,,,,
Slovenija,27253.0,22427.0,23086.0,14517.0,87283.0,DEC,2020,,,,,
,,,,,,DEC,2020,,,,,
Vzhodna Slovenija,15652.0,13858.0,12701.0,7480.0,49691.0,DEC,2020,,,,,
Jugovzhodna Slovenija,2509.0,1418.0,1138.0,675.0,5740.0,DEC,2020,,,,,
Koroška,600.0,823.0,711.0,422.0,2556.0,DEC,2020,,,,,
Podravska,4225.0,4313.0,4347.0,2541.0,15426.0,DEC,2020,,,,,
Pomurska,2209.0,1746.0,1355.0,769.0,6079.0,DEC,2020,,,,,
Posavska,1261.0,1120.0,840.0,495.0,3716.0,DEC,2020,,,,,
Primorsko-notranjska,545.0,475.0,499.0,297.0,1816.0,DEC,2020,,,,,
Savinjska,3358.0,3269.0,3162.0,1938.0,11727.0,DEC,2020,,,,,
Zasavska,945.0,694.0,649.0,343.0,2631.0,DEC,2020,,,,,
,,,,,,DEC,2020,,,,,
Zahodna Slovenija,10946.0,8478.0,10315.0,6956.0,36695.0,DEC,2020,,,,,
Gorenjska,1985.0,1543.0,1853.0,1120.0,6501.0,DEC,2020,,,,,
Goriška,1111.0,806.0,891.0,710.0,3518.0,DEC,2020,,,,,
Obalno-kraška,1587.0,1269.0,1427.0,819.0,5102.0,DEC,2020,,,,,
Osrednjeslovenska,6263.0,4860.0,6144.0,4307.0,21574.0,DEC,2020,,,,,
,,,,,,DEC,2020,,,,,
Občina izven RS,655.0,91.0,70.0,81.0,897.0,DEC,2020,,,,,
,,,,,67834.0,JAN,2022,Slovenija,22256.0,17230.0,17346.0,11002.0
,,,,,,JAN,2022,,,,,
,,,,,39337.0,JAN,2022,Vzhodna Slovenija,13017.0,10960.0,9710.0,5650.0
,,,,,4718.0,JAN,2022,Jugovzhodna Slovenija,2211.0,1104.0,899.0,504.0
,,,,,2238.0,JAN,2022,Koroška,561.0,772.0,601.0,304.0
,,,,,12046.0,JAN,2022,Podravska,3478.0,3370.0,3241.0,1957.0
,,,,,4678.0,JAN,2022,Pomurska,1721.0,1343.0,1025.0,589.0
,,,,,3008.0,JAN,2022,Posavska,1085.0,912.0,662.0,349.0
,,,,,1244.0,JAN,2022,Primorsko-notranjska,410.0,335.0,311.0,188.0
,,,,,9303.0,JAN,2022,Savinjska,2810.0,2549.0,2459.0,1485.0
,,,,,2102.0,JAN,2022,Zasavska,741.0,575.0,512.0,274.0
,,,,,,JAN,2022,,,,,
,,,,,27797.0,JAN,2022,Zahodna Slovenija,8654.0,6228.0,7610.0,5305.0
,,,,,4430.0,JAN,2022,Gorenjska,1418.0,1009.0,1205.0,798.0
,,,,,2485.0,JAN,2022,Goriška,788.0,564.0,624.0,509.0
,,,,,3794.0,JAN,2022,Obalno-kraška,1196.0,915.0,1059.0,624.0
,,,,,17088.0,JAN,2022,Osrednjeslovenska,5252.0,3740.0,4722.0,3374.0
,,,,,,JAN,2022,,,,,
,,,,,700.0,JAN,2022,Občina izven RS,585.0,42.0,26.0,47.0
,,,,,64783.0,FEB,2022,Slovenija,21110.0,16397.0,16637.0,10639.0
,,,,,,FEB,2022,,,,,
,,,,,37420.0,FEB,2022,Vzhodna Slovenija,12342.0,10354.0,9268.0,5456.0
,,,,,4523.0,FEB,2022,Jugovzhodna Slovenija,2169.0,1044.0,839.0,471.0
,,,,,2059.0,FEB,2022,Koroška,509.0,696.0,555.0,299.0
,,,,,11385.0,FEB,2022,Podravska,3234.0,3156.0,3101.0,1894.0
,,,,,4400.0,FEB,2022,Pomurska,1607.0,1243.0,973.0,577.0
,,,,,2917.0,FEB,2022,Posavska,1054.0,881.0,650.0,332.0
,,,,,1193.0,FEB,2022,Primorsko-notranjska,393.0,322.0,296.0,182.0
,,,,,8906.0,FEB,2022,Savinjska,2661.0,2452.0,2359.0,1434.0
,,,,,2037.0,FEB,2022,Zasavska,715.0,560.0,495.0,267.0
,,,,,,FEB,2022,,,,,
,,,,,26710.0,FEB,2022,Zahodna Slovenija,8224.0,6003.0,7345.0,5138.0
,,,,,4189.0,FEB,2022,Gorenjska,1286.0,983.0,1154.0,766.0
,,,,,2403.0,FEB,2022,Goriška,758.0,545.0,600.0,500.0
,,,,,3658.0,FEB,2022,Obalno-kraška,1137.0,887.0,1024.0,610.0
,,,,,16460.0,FEB,2022,Osrednjeslovenska,5043.0,3588.0,4567.0,3262.0
,,,,,,FEB,2022,,,,,
,,,,,653.0,FEB,2022,Občina izven RS,544.0,40.0,24.0,45.0
,,,,,60534.0,MAR,2022,Slovenija,19280.0,15315.0,15800.0,10139.0
,,,,,,MAR,2022,,,,,
,,,,,34893.0,MAR,2022,Vzhodna Slovenija,11314.0,9607.0,8787.0,5185.0
,,,,,4251.0,MAR,2022,Jugovzhodna Slovenija,2050.0,960.0,790.0,451.0
,,,,,1893.0,MAR,2022,Koroška,450.0,633.0,514.0,296.0
,,,,,10564.0,MAR,2022,Podravska,2922.0,2915.0,2944.0,1783.0
,,,,,3978.0,MAR,2022,Pomurska,1452.0,1097.0,897.0,532.0
,,,,,2802.0,MAR,2022,Posavska,997.0,837.0,647.0,321.0
,,,,,1114.0,MAR,2022,Primorsko-notranjska,367.0,298.0,281.0,168.0
,,,,,8340.0,MAR,2022,Savinjska,2394.0,2336.0,2231.0,1379.0
,,,,,1951.0,MAR,2022,Zasavska,682.0,531.0,483.0,255.0
,,,,,,MAR,2022,,,,,
,,,,,25163.0,MAR,2022,Zahodna Slovenija,7587.0,5680.0,6990.0,4906.0
,,,,,3843.0,MAR,2022,Gorenjska,1124.0,873.0,1107.0,739.0
,,,,,2290.0,MAR,2022,Goriška,720.0,525.0,562.0,483.0
,,,,,3464.0,MAR,2022,Obalno-kraška,1061.0,838.0,983.0,582.0
,,,,,15566.0,MAR,2022,Osrednjeslovenska,4682.0,3444.0,4338.0,3102.0
,,,,,,MAR,2022,,,,,
,,,,,478.0,MAR,2022,Občina izven RS,379.0,28.0,23.0,48.0
,,,,,58081.0,APR,2022,Slovenija,18363.0,14625.0,15194.0,9899.0
,,,,,,APR,2022,,,,,
,,,,,33690.0,APR,2022,Vzhodna Slovenija,10891.0,9192.0,8516.0,5091.0
,,,,,4259.0,APR,2022,Jugovzhodna Slovenija,2046.0,957.0,794.0,462.0
,,,,,1834.0,APR,2022,Koroška,437.0,614.0,495.0,288.0
,,,,,10176.0,APR,2022,Podravska,2766.0,2807.0,2839.0,1764.0
,,,,,3730.0,APR,2022,Pomurska,1365.0,998.0,851.0,516.0
,,,,,2697.0,APR,2022,Posavska,965.0,796.0,620.0,316.0
,,,,,1043.0,APR,2022,Primorsko-notranjska,349.0,277.0,257.0,160.0
,,,,,8068.0,APR,2022,Savinjska,2306.0,2228.0,2187.0,1347.0
,,,,,1883.0,APR,2022,Zasavska,657.0,515.0,473.0,238.0
,,,,,,APR,2022,,,,,
,,,,,23930.0,APR,2022,Zahodna Slovenija,7109.0,5411.0,6649.0,4761.0
,,,,,3580.0,APR,2022,Gorenjska,1019.0,820.0,1036.0,705.0
,,,,,2190.0,APR,2022,Goriška,703.0,486.0,524.0,477.0
,,,,,3172.0,APR,2022,Obalno-kraška,947.0,789.0,890.0,546.0
,,,,,14988.0,APR,2022,Osrednjeslovenska,4440.0,3316.0,4199.0,3033.0
,,,,,,APR,2022,,,,,
,,,,,461.0,APR,2022,Občina izven RS,363.0,22.0,29.0,47.0
,,,,,55854.0,MAJ,2022,Slovenija,17649.0,14101.0,14557.0,9547.0
,,,,,,MAJ,2022,,,,,
,,,,,32532.0,MAJ,2022,Vzhodna Slovenija,10532.0,8879.0,8167.0,4954.0
,,,,,4145.0,MAJ,2022,Jugovzhodna Slovenija,2011.0,927.0,756.0,451.0
,,,,,1756.0,MAJ,2022,Koroška,419.0,586.0,473.0,278.0
,,,,,9824.0,MAJ,2022,Podravska,2650.0,2706.0,2743.0,1725.0
,,,,,3573.0,MAJ,2022,Pomurska,1307.0,957.0,814.0,495.0
,,,,,2586.0,MAJ,2022,Posavska,941.0,749.0,587.0,309.0
,,,,,1004.0,MAJ,2022,Primorsko-notranjska,329.0,269.0,252.0,154.0
,,,,,7824.0,MAJ,2022,Savinjska,2241.0,2178.0,2094.0,1311.0
,,,,,1820.0,MAJ,2022,Zasavska,634.0,507.0,448.0,231.0
,,,,,,MAJ,2022,,,,,
,,,,,22819.0,MAJ,2022,Zahodna Slovenija,6714.0,5200.0,6359.0,4546.0
,,,,,3348.0,MAJ,2022,Gorenjska,912.0,800.0,961.0,675.0
,,,,,2087.0,MAJ,2022,Goriška,652.0,482.0,494.0,459.0
,,,,,3009.0,MAJ,2022,Obalno-kraška,912.0,753.0,837.0,507.0
,,,,,14375.0,MAJ,2022,Osrednjeslovenska,4238.0,3165.0,4067.0,2905.0
,,,,,,MAJ,2022,,,,,
,,,,,503.0,MAJ,2022,Občina izven RS,403.0,22.0,31.0,47.0
,,,,,53860.0,JUN,2022,Slovenija,17003.0,13581.0,13941.0,9335.0
,,,,,,JUN,2022,,,,,
,,,,,31292.0,JUN,2022,Vzhodna Slovenija,10118.0,8537.0,7819.0,4818.0
,,,,,4048.0,JUN,2022,Jugovzhodna Slovenija,1955.0,891.0,751.0,451.0
,,,,,1687.0,JUN,2022,Koroška,406.0,570.0,443.0,268.0
,,,,,9443.0,JUN,2022,Podravska,2540.0,2600.0,2620.0,1683.0
,,,,,3367.0,JUN,2022,Pomurska,1242.0,916.0,750.0,459.0
,,,,,2454.0,JUN,2022,Posavska,890.0,720.0,547.0,297.0
,,,,,950.0,JUN,2022,Primorsko-notranjska,303.0,251.0,248.0,148.0
,,,,,7587.0,JUN,2022,Savinjska,2170.0,2108.0,2024.0,1285.0
,,,,,1756.0,JUN,2022,Zasavska,612.0,481.0,436.0,227.0
,,,,,,JUN,2022,,,,,
,,,,,21997.0,JUN,2022,Zahodna Slovenija,6412.0,5019.0,6097.0,4469.0
,,,,,3242.0,JUN,2022,Gorenjska,878.0,782.0,922.0,660.0
,,,,,2020.0,JUN,2022,Goriška,626.0,465.0,470.0,459.0
,,,,,2815.0,JUN,2022,Obalno-kraška,863.0,696.0,784.0,472.0
,,,,,13920.0,JUN,2022,Osrednjeslovenska,4045.0,3076.0,3921.0,2878.0
,,,,,,JUN,2022,,,,,
,,,,,571.0,JUN,2022,Občina izven RS,473.0,25.0,25.0,48.0
,,,,,54341.0,JUL,2022,Slovenija,16818.0,13554.0,14122.0,9847.0
,,,,,,JUL,2022,,,,,
,,,,,31585.0,JUL,2022,Vzhodna Slovenija,10023.0,8545.0,7917.0,5100.0
,,,,,4106.0,JUL,2022,Jugovzhodna Slovenija,1940.0,878.0,799.0,489.0
,,,,,1702.0,JUL,2022,Koroška,410.0,563.0,449.0,280.0
,,,,,9453.0,JUL,2022,Podravska,2501.0,2609.0,2591.0,1752.0
,,,,,3376.0,JUL,2022,Pomurska,1214.0,901.0,770.0,491.0
,,,,,2472.0,JUL,2022,Posavska,885.0,723.0,562.0,302.0
,,,,,962.0,JUL,2022,Primorsko-notranjska,290.0,256.0,250.0,166.0
,,,,,7752.0,JUL,2022,Savinjska,2174.0,2140.0,2057.0,1381.0
,,,,,1762.0,JUL,2022,Zasavska,609.0,475.0,439.0,239.0
,,,,,,JUL,2022,,,,,
,,,,,22166.0,JUL,2022,Zahodna Slovenija,6312.0,4982.0,6177.0,4695.0
,,,,,3352.0,JUL,2022,Gorenjska,868.0,775.0,986.0,723.0
,,,,,2037.0,JUL,2022,Goriška,623.0,460.0,471.0,483.0
,,,,,2817.0,JUL,2022,Obalno-kraška,855.0,694.0,772.0,496.0
,,,,,13960.0,JUL,2022,Osrednjeslovenska,3966.0,3053.0,3948.0,2993.0
,,,,,,JUL,2022,,,,,
,,,,,590.0,JUL,2022,Občina izven RS,483.0,27.0,28.0,52.0
,,,,,53935.0,AVG,2022,Slovenija,16715.0,13358.0,14011.0,9851.0
,,,,,,AVG,2022,,,,,
,,,,,31407.0,AVG,2022,Vzhodna Slovenija,9953.0,8457.0,7863.0,5134.0
,,,,,4124.0,AVG,2022,Jugovzhodna Slovenija,1950.0,899.0,785.0,490.0
,,,,,1678.0,AVG,2022,Koroška,412.0,538.0,448.0,280.0
,,,,,9318.0,AVG,2022,Podravska,2456.0,2566.0,2567.0,1729.0
,,,,,3364.0,AVG,2022,Pomurska,1194.0,889.0,773.0,508.0
,,,,,2482.0,AVG,2022,Posavska,883.0,716.0,570.0,313.0
,,,,,980.0,AVG,2022,Primorsko-notranjska,286.0,261.0,260.0,173.0
,,,,,7747.0,AVG,2022,Savinjska,2184.0,2125.0,2031.0,1407.0
,,,,,1714.0,AVG,2022,Zasavska,588.0,463.0,429.0,234.0
,,,,,,AVG,2022,,,,,
,,,,,21903.0,AVG,2022,Zahodna Slovenija,6240.0,4877.0,6123.0,4663.0
,,,,,3321.0,AVG,2022,Gorenjska,865.0,764.0,967.0,725.0
,,,,,2022.0,AVG,2022,Goriška,615.0,448.0,480.0,479.0
,,,,,2816.0,AVG,2022,Obalno-kraška,843.0,681.0,785.0,507.0
,,,,,13744.0,AVG,2022,Osrednjeslovenska,3917.0,2984.0,3891.0,2952.0
,,,,,,AVG,2022,,,,,
,,,,,625.0,AVG,2022,Občina izven RS,522.0,24.0,25.0,54.0
,,,,,52043.0,SEP,2022,Slovenija,16492.0,13020.0,13479.0,9052.0
,,,,,,SEP,2022,,,,,
,,,,,30230.0,SEP,2022,Vzhodna Slovenija,9806.0,8279.0,7511.0,4634.0
,,,,,4032.0,SEP,2022,Jugovzhodna Slovenija,1954.0,881.0,750.0,447.0
,,,,,1632.0,SEP,2022,Koroška,413.0,526.0,442.0,251.0
,,,,,8874.0,SEP,2022,Podravska,2401.0,2456.0,2458.0,1559.0
,,,,,3241.0,SEP,2022,Pomurska,1180.0,881.0,728.0,452.0
,,,,,2427.0,SEP,2022,Posavska,865.0,711.0,553.0,298.0
,,,,,962.0,SEP,2022,Primorsko-notranjska,283.0,270.0,245.0,164.0
,,,,,7442.0,SEP,2022,Savinjska,2143.0,2106.0,1932.0,1261.0
,,,,,1620.0,SEP,2022,Zasavska,567.0,448.0,403.0,202.0
,,,,,,SEP,2022,,,,,
,,,,,21155.0,SEP,2022,Zahodna Slovenija,6134.0,4717.0,5946.0,4358.0
,,,,,3216.0,SEP,2022,Gorenjska,879.0,737.0,930.0,670.0
,,,,,1908.0,SEP,2022,Goriška,588.0,437.0,454.0,429.0
,,,,,2754.0,SEP,2022,Obalno-kraška,836.0,658.0,778.0,482.0
,,,,,13277.0,SEP,2022,Osrednjeslovenska,3831.0,2885.0,3784.0,2777.0
,,,,,,SEP,2022,,,,,
,,,,,658.0,SEP,2022,Občina izven RS,552.0,24.0,22.0,60.0
,,,,,52991.0,OKT,2022,Slovenija,16517.0,13064.0,13983.0,9427.0
,,,,,,OKT,2022,,,,,
,,,,,30953.0,OKT,2022,Vzhodna Slovenija,9852.0,8297.0,7870.0,4934.0
,,,,,4032.0,OKT,2022,Jugovzhodna Slovenija,1953.0,873.0,742.0,464.0
,,,,,1697.0,OKT,2022,Koroška,426.0,521.0,471.0,279.0
,,,,,9053.0,OKT,2022,Podravska,2403.0,2457.0,2559.0,1634.0
,,,,,3388.0,OKT,2022,Pomurska,1184.0,905.0,792.0,507.0
,,,,,2500.0,OKT,2022,Posavska,882.0,717.0,583.0,318.0
,,,,,986.0,OKT,2022,Primorsko-notranjska,285.0,267.0,245.0,189.0
,,,,,7685.0,OKT,2022,Savinjska,2155.0,2123.0,2073.0,1334.0
,,,,,1612.0,OKT,2022,Zasavska,564.0,434.0,405.0,209.0
,,,,,,OKT,2022,,,,,
,,,,,21384.0,OKT,2022,Zahodna Slovenija,6119.0,4741.0,6088.0,4436.0
,,,,,3275.0,OKT,2022,Gorenjska,869.0,760.0,966.0,680.0
,,,,,1919.0,OKT,2022,Goriška,571.0,435.0,488.0,425.0
,,,,,2816.0,OKT,2022,Obalno-kraška,843.0,656.0,818.0,499.0
,,,,,13374.0,OKT,2022,Osrednjeslovenska,3836.0,2890.0,3816.0,2832.0
,,,,,,OKT,2022,,,,,
,,,,,654.0,OKT,2022,Občina izven RS,546.0,26.0,25.0,57.0
,,,,,52541.0,NOV,2022,Slovenija,16615.0,12919.0,13772.0,9235.0
,,,,,,NOV,2022,,,,,
,,,,,30667.0,NOV,2022,Vzhodna Slovenija,9944.0,8227.0,7715.0,4781.0
,,,,,3951.0,NOV,2022,Jugovzhodna Slovenija,1955.0,840.0,701.0,455.0
,,,,,1683.0,NOV,2022,Koroška,437.0,518.0,454.0,274.0
,,,,,8964.0,NOV,2022,Podravska,2423.0,2456.0,2526.0,1559.0
,,,,,3444.0,NOV,2022,Pomurska,1218.0,912.0,798.0,516.0
,,,,,2514.0,NOV,2022,Posavska,905.0,714.0,590.0,305.0
,,,,,981.0,NOV,2022,Primorsko-notranjska,294.0,260.0,248.0,179.0
,,,,,7582.0,NOV,2022,Savinjska,2167.0,2109.0,2005.0,1301.0
,,,,,1548.0,NOV,2022,Zasavska,545.0,418.0,393.0,192.0
,,,,,,NOV,2022,,,,,
,,,,,21194.0,NOV,2022,Zahodna Slovenija,6116.0,4663.0,6028.0,4387.0
,,,,,3262.0,NOV,2022,Gorenjska,893.0,753.0,949.0,667.0
,,,,,1947.0,NOV,2022,Goriška,577.0,431.0,504.0,435.0
,,,,,2886.0,NOV,2022,Obalno-kraška,866.0,665.0,848.0,507.0
,,,,,13099.0,NOV,2022,Osrednjeslovenska,3780.0,2814.0,3727.0,2778.0
,,,,,,NOV,2022,,,,,
,,,,,680.0,NOV,2022,Občina izven RS,555.0,29.0,29.0,67.0
,,,,,53181.0,DEC,2022,Slovenija,17218.0,13111.0,13625.0,9227.0
,,,,,,DEC,2022,,,,,
,,,,,31077.0,DEC,2022,Vzhodna Slovenija,10243.0,8400.0,7665.0,4769.0
,,,,,3912.0,DEC,2022,Jugovzhodna Slovenija,1955.0,822.0,684.0,451.0
,,,,,1736.0,DEC,2022,Koroška,445.0,542.0,463.0,286.0
,,,,,9052.0,DEC,2022,Podravska,2478.0,2511.0,2509.0,1554.0
,,,,,3617.0,DEC,2022,Pomurska,1298.0,993.0,809.0,517.0
,,,,,2509.0,DEC,2022,Posavska,915.0,712.0,578.0,304.0
,,,,,990.0,DEC,2022,Primorsko-notranjska,300.0,267.0,253.0,170.0
,,,,,7727.0,DEC,2022,Savinjska,2305.0,2131.0,1993.0,1298.0
,,,,,1534.0,DEC,2022,Zasavska,547.0,422.0,376.0,189.0
,,,,,,DEC,2022,,,,,
,,,,,21288.0,DEC,2022,Zahodna Slovenija,6292.0,4674.0,5932.0,4390.0
,,,,,3351.0,DEC,2022,Gorenjska,999.0,751.0,924.0,677.0
,,,,,1934.0,DEC,2022,Goriška,583.0,432.0,484.0,435.0
,,,,,2960.0,DEC,2022,Obalno-kraška,895.0,685.0,864.0,516.0
,,,,,13043.0,DEC,2022,Osrednjeslovenska,3815.0,2806.0,3660.0,2762.0
,,,,,,DEC,2022,,,,,
,,,,,816.0,DEC,2022,Občina izven RS,683.0,37.0,28.0,68.0
,,,,,55386.0,JAN,2023,Slovenija,18224.0,13777.0,13975.0,9410.0
,,,,,,JAN,2023,,,,,
,,,,,32574.0,JAN,2023,Vzhodna Slovenija,10836.0,8925.0,7931.0,4882.0
,,,,,4065.0,JAN,2023,Jugovzhodna Slovenija,2026.0,860.0,711.0,468.0
,,,,,1833.0,JAN,2023,Koroška,480.0,594.0,477.0,282.0
,,,,,9496.0,JAN,2023,Podravska,2622.0,2692.0,2594.0,1588.0
,,,,,3956.0,JAN,2023,Pomurska,1397.0,1130.0,875.0,554.0
,,,,,2531.0,JAN,2023,Posavska,929.0,724.0,589.0,289.0
,,,,,1084.0,JAN,2023,Primorsko-notranjska,342.0,286.0,271.0,185.0
,,,,,8051.0,JAN,2023,Savinjska,2458.0,2218.0,2050.0,1325.0
,,,,,1558.0,JAN,2023,Zasavska,582.0,421.0,364.0,191.0
,,,,,,JAN,2023,,,,,
,,,,,21811.0,JAN,2023,Zahodna Slovenija,6529.0,4808.0,6017.0,4457.0
,,,,,3508.0,JAN,2023,Gorenjska,1075.0,785.0,941.0,707.0
,,,,,1971.0,JAN,2023,Goriška,595.0,443.0,508.0,425.0
,,,,,3074.0,JAN,2023,Obalno-kraška,923.0,720.0,892.0,539.0
,,,,,13258.0,JAN,2023,Osrednjeslovenska,3936.0,2860.0,3676.0,2786.0
,,,,,,JAN,2023,,,,,
,,,,,1001.0,JAN,2023,Občina izven RS,859.0,44.0,27.0,71.0
,,,,,53404.0,FEB,2023,Slovenija,17551.0,13282.0,13511.0,9060.0
,,,,,,FEB,2023,,,,,
,,,,,31261.0,FEB,2023,Vzhodna Slovenija,10435.0,8544.0,7618.0,4664.0
,,,,,3940.0,FEB,2023,Jugovzhodna Slovenija,1973.0,851.0,688.0,428.0
,,,,,1730.0,FEB,2023,Koroška,459.0,558.0,456.0,257.0
,,,,,9067.0,FEB,2023,Podravska,2467.0,2557.0,2505.0,1538.0
,,,,,3743.0,FEB,2023,Pomurska,1342.0,1067.0,823.0,511.0
,,,,,2442.0,FEB,2023,Posavska,910.0,694.0,559.0,279.0
,,,,,1047.0,FEB,2023,Primorsko-notranjska,338.0,275.0,251.0,183.0
,,,,,7776.0,FEB,2023,Savinjska,2376.0,2129.0,1988.0,1283.0
,,,,,1516.0,FEB,2023,Zasavska,570.0,413.0,348.0,185.0
,,,,,,FEB,2023,,,,,
,,,,,21176.0,FEB,2023,Zahodna Slovenija,6292.0,4700.0,5867.0,4317.0
,,,,,3340.0,FEB,2023,Gorenjska,973.0,764.0,907.0,696.0
,,,,,1936.0,FEB,2023,Goriška,594.0,436.0,502.0,404.0
,,,,,2990.0,FEB,2023,Obalno-kraška,896.0,702.0,865.0,527.0
,,,,,12910.0,FEB,2023,Osrednjeslovenska,3829.0,2798.0,3593.0,2690.0
,,,,,,FEB,2023,,,,,
,,,,,967.0,FEB,2023,Občina izven RS,824.0,38.0,26.0,79.0
