Kohezijska / statistična regija,Moški,Ženske,Skupaj,month,year,"Kohezijska /
statistična regija",moški,ženske
Slovenija,44807.0,43112.0,87919.0,JAN,2018,,,
,,,,JAN,2018,,,
Vzhodna Slovenija,25840.0,26332.0,52172.0,JAN,2018,,,
Jugovzhodna Slovenija,3104.0,3095.0,6199.0,JAN,2018,,,
Koroška,1246.0,1409.0,2655.0,JAN,2018,,,
Podravska,7420.0,7770.0,15190.0,JAN,2018,,,
Pomurska,3808.0,3753.0,7561.0,JAN,2018,,,
Posavska,1882.0,1801.0,3683.0,JAN,2018,,,
Primorsko-notranjska,1023.0,1035.0,2058.0,JAN,2018,,,
Savinjska,5965.0,6196.0,12161.0,JAN,2018,,,
Zasavska,1392.0,1273.0,2665.0,JAN,2018,,,
,,,,JAN,2018,,,
Zahodna Slovenija,18607.0,16573.0,35180.0,JAN,2018,,,
Gorenjska,3144.0,2720.0,5864.0,JAN,2018,,,
Goriška,1799.0,1760.0,3559.0,JAN,2018,,,
Obalno-kraška,2338.0,2214.0,4552.0,JAN,2018,,,
Osrednjeslovenska,11326.0,9879.0,21205.0,JAN,2018,,,
,,,,JAN,2018,,,
Občina izven RS,360.0,207.0,567.0,JAN,2018,,,
Slovenija,43539.0,42144.0,85683.0,FEB,2018,,,
,,,,FEB,2018,,,
Vzhodna Slovenija,25061.0,25726.0,50787.0,FEB,2018,,,
Jugovzhodna Slovenija,3009.0,3015.0,6024.0,FEB,2018,,,
Koroška,1201.0,1355.0,2556.0,FEB,2018,,,
Podravska,7211.0,7611.0,14822.0,FEB,2018,,,
Pomurska,3670.0,3650.0,7320.0,FEB,2018,,,
Posavska,1844.0,1774.0,3618.0,FEB,2018,,,
Primorsko-notranjska,977.0,998.0,1975.0,FEB,2018,,,
Savinjska,5790.0,6103.0,11893.0,FEB,2018,,,
Zasavska,1359.0,1220.0,2579.0,FEB,2018,,,
,,,,FEB,2018,,,
Zahodna Slovenija,18130.0,16215.0,34345.0,FEB,2018,,,
Gorenjska,3043.0,2678.0,5721.0,FEB,2018,,,
Goriška,1724.0,1687.0,3411.0,FEB,2018,,,
Obalno-kraška,2228.0,2160.0,4388.0,FEB,2018,,,
Osrednjeslovenska,11135.0,9690.0,20825.0,FEB,2018,,,
,,,,FEB,2018,,,
Občina izven RS,348.0,203.0,551.0,FEB,2018,,,
Slovenija,40245.0,40975.0,81220.0,MAR,2018,,,
,,,,MAR,2018,,,
Vzhodna Slovenija,22956.0,24990.0,47946.0,MAR,2018,,,
Jugovzhodna Slovenija,2864.0,2950.0,5814.0,MAR,2018,,,
Koroška,1107.0,1307.0,2414.0,MAR,2018,,,
Podravska,6620.0,7427.0,14047.0,MAR,2018,,,
Pomurska,3201.0,3494.0,6695.0,MAR,2018,,,
Posavska,1659.0,1677.0,3336.0,MAR,2018,,,
Primorsko-notranjska,912.0,950.0,1862.0,MAR,2018,,,
Savinjska,5318.0,5987.0,11305.0,MAR,2018,,,
Zasavska,1275.0,1198.0,2473.0,MAR,2018,,,
,,,,MAR,2018,,,
Zahodna Slovenija,17026.0,15789.0,32815.0,MAR,2018,,,
Gorenjska,2686.0,2613.0,5299.0,MAR,2018,,,
Goriška,1661.0,1625.0,3286.0,MAR,2018,,,
Obalno-kraška,2138.0,2047.0,4185.0,MAR,2018,,,
Osrednjeslovenska,10541.0,9504.0,20045.0,MAR,2018,,,
,,,,MAR,2018,,,
Občina izven RS,263.0,196.0,459.0,MAR,2018,,,
Slovenija,38381.0,40174.0,78555.0,APR,2018,,,
,,,,APR,2018,,,
Vzhodna Slovenija,21712.0,24481.0,46193.0,APR,2018,,,
Jugovzhodna Slovenija,2769.0,2870.0,5639.0,APR,2018,,,
Koroška,1064.0,1303.0,2367.0,APR,2018,,,
Podravska,6208.0,7274.0,13482.0,APR,2018,,,
Pomurska,2955.0,3367.0,6322.0,APR,2018,,,
Posavska,1593.0,1676.0,3269.0,APR,2018,,,
Primorsko-notranjska,872.0,932.0,1804.0,APR,2018,,,
Savinjska,5039.0,5910.0,10949.0,APR,2018,,,
Zasavska,1212.0,1149.0,2361.0,APR,2018,,,
,,,,APR,2018,,,
Zahodna Slovenija,16462.0,15504.0,31966.0,APR,2018,,,
Gorenjska,2566.0,2586.0,5152.0,APR,2018,,,
Goriška,1601.0,1558.0,3159.0,APR,2018,,,
Obalno-kraška,2048.0,1968.0,4016.0,APR,2018,,,
Osrednjeslovenska,10247.0,9392.0,19639.0,APR,2018,,,
,,,,APR,2018,,,
Občina izven RS,207.0,189.0,396.0,APR,2018,,,
Slovenija,37436.0,39269.0,76705.0,MAJ,2018,,,
,,,,MAJ,2018,,,
Vzhodna Slovenija,21126.0,23929.0,45055.0,MAJ,2018,,,
Jugovzhodna Slovenija,2751.0,2779.0,5530.0,MAJ,2018,,,
Koroška,1029.0,1266.0,2295.0,MAJ,2018,,,
Podravska,6053.0,7123.0,13176.0,MAJ,2018,,,
Pomurska,2832.0,3243.0,6075.0,MAJ,2018,,,
Posavska,1538.0,1665.0,3203.0,MAJ,2018,,,
Primorsko-notranjska,829.0,883.0,1712.0,MAJ,2018,,,
Savinjska,4904.0,5806.0,10710.0,MAJ,2018,,,
Zasavska,1190.0,1164.0,2354.0,MAJ,2018,,,
,,,,MAJ,2018,,,
Zahodna Slovenija,16107.0,15151.0,31258.0,MAJ,2018,,,
Gorenjska,2498.0,2522.0,5020.0,MAJ,2018,,,
Goriška,1552.0,1499.0,3051.0,MAJ,2018,,,
Obalno-kraška,1994.0,1897.0,3891.0,MAJ,2018,,,
Osrednjeslovenska,10063.0,9233.0,19296.0,MAJ,2018,,,
,,,,MAJ,2018,,,
Občina izven RS,203.0,189.0,392.0,MAJ,2018,,,
Slovenija,36557.0,38431.0,74988.0,JUN,2018,,,
,,,,JUN,2018,,,
Vzhodna Slovenija,20595.0,23417.0,44012.0,JUN,2018,,,
Jugovzhodna Slovenija,2689.0,2728.0,5417.0,JUN,2018,,,
Koroška,997.0,1211.0,2208.0,JUN,2018,,,
Podravska,5873.0,6949.0,12822.0,JUN,2018,,,
Pomurska,2734.0,3152.0,5886.0,JUN,2018,,,
Posavska,1505.0,1634.0,3139.0,JUN,2018,,,
Primorsko-notranjska,809.0,842.0,1651.0,JUN,2018,,,
Savinjska,4816.0,5753.0,10569.0,JUN,2018,,,
Zasavska,1172.0,1148.0,2320.0,JUN,2018,,,
,,,,JUN,2018,,,
Zahodna Slovenija,15773.0,14828.0,30601.0,JUN,2018,,,
Gorenjska,2429.0,2450.0,4879.0,JUN,2018,,,
Goriška,1520.0,1490.0,3010.0,JUN,2018,,,
Obalno-kraška,1935.0,1794.0,3729.0,JUN,2018,,,
Osrednjeslovenska,9889.0,9094.0,18983.0,JUN,2018,,,
,,,,JUN,2018,,,
Občina izven RS,189.0,186.0,375.0,JUN,2018,,,
Slovenija,36686.0,39365.0,76051.0,JUL,2018,,,
,,,,JUL,2018,,,
Vzhodna Slovenija,20706.0,23955.0,44661.0,JUL,2018,,,
Jugovzhodna Slovenija,2708.0,2794.0,5502.0,JUL,2018,,,
Koroška,1001.0,1241.0,2242.0,JUL,2018,,,
Podravska,5904.0,7123.0,13027.0,JUL,2018,,,
Pomurska,2722.0,3202.0,5924.0,JUL,2018,,,
Posavska,1521.0,1682.0,3203.0,JUL,2018,,,
Primorsko-notranjska,824.0,840.0,1664.0,JUL,2018,,,
Savinjska,4837.0,5874.0,10711.0,JUL,2018,,,
Zasavska,1189.0,1199.0,2388.0,JUL,2018,,,
,,,,JUL,2018,,,
Zahodna Slovenija,15795.0,15226.0,31021.0,JUL,2018,,,
Gorenjska,2422.0,2512.0,4934.0,JUL,2018,,,
Goriška,1521.0,1568.0,3089.0,JUL,2018,,,
Obalno-kraška,1943.0,1848.0,3791.0,JUL,2018,,,
Osrednjeslovenska,9909.0,9298.0,19207.0,JUL,2018,,,
,,,,JUL,2018,,,
Občina izven RS,185.0,184.0,369.0,JUL,2018,,,
Slovenija,36470.0,39450.0,75920.0,AVG,2018,,,
,,,,AVG,2018,,,
Vzhodna Slovenija,20605.0,23998.0,44603.0,AVG,2018,,,
Jugovzhodna Slovenija,2711.0,2825.0,5536.0,AVG,2018,,,
Koroška,995.0,1256.0,2251.0,AVG,2018,,,
Podravska,5856.0,7096.0,12952.0,AVG,2018,,,
Pomurska,2695.0,3213.0,5908.0,AVG,2018,,,
Posavska,1519.0,1691.0,3210.0,AVG,2018,,,
Primorsko-notranjska,830.0,869.0,1699.0,AVG,2018,,,
Savinjska,4805.0,5839.0,10644.0,AVG,2018,,,
Zasavska,1194.0,1209.0,2403.0,AVG,2018,,,
,,,,AVG,2018,,,
Zahodna Slovenija,15675.0,15255.0,30930.0,AVG,2018,,,
Gorenjska,2396.0,2486.0,4882.0,AVG,2018,,,
Goriška,1500.0,1572.0,3072.0,AVG,2018,,,
Obalno-kraška,1939.0,1873.0,3812.0,AVG,2018,,,
Osrednjeslovenska,9840.0,9324.0,19164.0,AVG,2018,,,
,,,,AVG,2018,,,
Občina izven RS,190.0,197.0,387.0,AVG,2018,,,
Slovenija,35834.0,37947.0,73781.0,SEP,2018,,,
,,,,SEP,2018,,,
Vzhodna Slovenija,20148.0,23023.0,43171.0,SEP,2018,,,
Jugovzhodna Slovenija,2657.0,2680.0,5337.0,SEP,2018,,,
Koroška,954.0,1181.0,2135.0,SEP,2018,,,
Podravska,5745.0,6829.0,12574.0,SEP,2018,,,
Pomurska,2651.0,3068.0,5719.0,SEP,2018,,,
Posavska,1512.0,1659.0,3171.0,SEP,2018,,,
Primorsko-notranjska,799.0,834.0,1633.0,SEP,2018,,,
Savinjska,4692.0,5619.0,10311.0,SEP,2018,,,
Zasavska,1138.0,1153.0,2291.0,SEP,2018,,,
,,,,SEP,2018,,,
Zahodna Slovenija,15506.0,14726.0,30232.0,SEP,2018,,,
Gorenjska,2328.0,2341.0,4669.0,SEP,2018,,,
Goriška,1478.0,1513.0,2991.0,SEP,2018,,,
Obalno-kraška,1932.0,1802.0,3734.0,SEP,2018,,,
Osrednjeslovenska,9768.0,9070.0,18838.0,SEP,2018,,,
,,,,SEP,2018,,,
Občina izven RS,180.0,198.0,378.0,SEP,2018,,,
Slovenija,36956.0,39276.0,76232.0,OKT,2018,,,
,,,,OKT,2018,,,
Vzhodna Slovenija,20791.0,23811.0,44602.0,OKT,2018,,,
Jugovzhodna Slovenija,2673.0,2716.0,5389.0,OKT,2018,,,
Koroška,1036.0,1234.0,2270.0,OKT,2018,,,
Podravska,5968.0,7046.0,13014.0,OKT,2018,,,
Pomurska,2741.0,3213.0,5954.0,OKT,2018,,,
Posavska,1571.0,1736.0,3307.0,OKT,2018,,,
Primorsko-notranjska,811.0,859.0,1670.0,OKT,2018,,,
Savinjska,4811.0,5845.0,10656.0,OKT,2018,,,
Zasavska,1180.0,1162.0,2342.0,OKT,2018,,,
,,,,OKT,2018,,,
Zahodna Slovenija,15989.0,15247.0,31236.0,OKT,2018,,,
Gorenjska,2456.0,2475.0,4931.0,OKT,2018,,,
Goriška,1542.0,1606.0,3148.0,OKT,2018,,,
Obalno-kraška,2030.0,1919.0,3949.0,OKT,2018,,,
Osrednjeslovenska,9961.0,9247.0,19208.0,OKT,2018,,,
,,,,OKT,2018,,,
Občina izven RS,176.0,218.0,394.0,OKT,2018,,,
Slovenija,36956.0,39143.0,76099.0,NOV,2018,,,
,,,,NOV,2018,,,
Vzhodna Slovenija,20757.0,23662.0,44419.0,NOV,2018,,,
Jugovzhodna Slovenija,2665.0,2688.0,5353.0,NOV,2018,,,
Koroška,1032.0,1211.0,2243.0,NOV,2018,,,
Podravska,5985.0,7038.0,13023.0,NOV,2018,,,
Pomurska,2779.0,3214.0,5993.0,NOV,2018,,,
Posavska,1568.0,1730.0,3298.0,NOV,2018,,,
Primorsko-notranjska,796.0,877.0,1673.0,NOV,2018,,,
Savinjska,4759.0,5743.0,10502.0,NOV,2018,,,
Zasavska,1173.0,1161.0,2334.0,NOV,2018,,,
,,,,NOV,2018,,,
Zahodna Slovenija,16005.0,15262.0,31267.0,NOV,2018,,,
Gorenjska,2466.0,2489.0,4955.0,NOV,2018,,,
Goriška,1535.0,1601.0,3136.0,NOV,2018,,,
Obalno-kraška,2087.0,2013.0,4100.0,NOV,2018,,,
Osrednjeslovenska,9917.0,9159.0,19076.0,NOV,2018,,,
,,,,NOV,2018,,,
Občina izven RS,194.0,219.0,413.0,NOV,2018,,,
Slovenija,39476.0,39058.0,78534.0,List1,2018,,,
,,,,List1,2018,,,
Vzhodna Slovenija,22375.0,23641.0,46016.0,List1,2018,,,
Jugovzhodna Slovenija,2727.0,2659.0,5386.0,List1,2018,,,
Koroška,1075.0,1220.0,2295.0,List1,2018,,,
Podravska,6500.0,7057.0,13557.0,List1,2018,,,
Pomurska,3182.0,3224.0,6406.0,List1,2018,,,
Posavska,1738.0,1744.0,3482.0,List1,2018,,,
Primorsko-notranjska,855.0,868.0,1723.0,List1,2018,,,
Savinjska,5103.0,5720.0,10823.0,List1,2018,,,
Zasavska,1195.0,1149.0,2344.0,List1,2018,,,
,,,,List1,2018,,,
Zahodna Slovenija,16777.0,15201.0,31978.0,List1,2018,,,
Gorenjska,2795.0,2472.0,5267.0,List1,2018,,,
Goriška,1562.0,1583.0,3145.0,List1,2018,,,
Obalno-kraška,2142.0,2018.0,4160.0,List1,2018,,,
Osrednjeslovenska,10278.0,9128.0,19406.0,List1,2018,,,
,,,,List1,2018,,,
Občina izven RS,324.0,216.0,540.0,List1,2018,,,
Slovenija,42417.0,40374.0,82791.0,JAN,2019,,,
,,,,JAN,2019,,,
Vzhodna Slovenija,24368.0,24425.0,48793.0,JAN,2019,,,
Jugovzhodna Slovenija,2854.0,2773.0,5627.0,JAN,2019,,,
Koroška,1210.0,1241.0,2451.0,JAN,2019,,,
Podravska,7217.0,7285.0,14502.0,JAN,2019,,,
Pomurska,3531.0,3417.0,6948.0,JAN,2019,,,
Posavska,1819.0,1747.0,3566.0,JAN,2019,,,
Primorsko-notranjska,876.0,903.0,1779.0,JAN,2019,,,
Savinjska,5603.0,5877.0,11480.0,JAN,2019,,,
Zasavska,1258.0,1182.0,2440.0,JAN,2019,,,
,,,,JAN,2019,,,
Zahodna Slovenija,17587.0,15722.0,33309.0,JAN,2019,,,
Gorenjska,2957.0,2548.0,5505.0,JAN,2019,,,
Goriška,1637.0,1623.0,3260.0,JAN,2019,,,
Obalno-kraška,2297.0,2202.0,4499.0,JAN,2019,,,
Osrednjeslovenska,10696.0,9349.0,20045.0,JAN,2019,,,
,,,,JAN,2019,,,
Občina izven RS,462.0,227.0,689.0,JAN,2019,,,
Slovenija,41074.0,39681.0,80755.0,FEB,2019,,,
,,,,FEB,2019,,,
Vzhodna Slovenija,23569.0,24051.0,47620.0,FEB,2019,,,
Jugovzhodna Slovenija,2759.0,2703.0,5462.0,FEB,2019,,,
Koroška,1183.0,1223.0,2406.0,FEB,2019,,,
Podravska,7002.0,7117.0,14119.0,FEB,2019,,,
Pomurska,3337.0,3339.0,6676.0,FEB,2019,,,
Posavska,1709.0,1707.0,3416.0,FEB,2019,,,
Primorsko-notranjska,845.0,880.0,1725.0,FEB,2019,,,
Savinjska,5482.0,5924.0,11406.0,FEB,2019,,,
Zasavska,1252.0,1158.0,2410.0,FEB,2019,,,
,,,,FEB,2019,,,
Zahodna Slovenija,17070.0,15406.0,32476.0,FEB,2019,,,
Gorenjska,2839.0,2538.0,5377.0,FEB,2019,,,
Goriška,1555.0,1584.0,3139.0,FEB,2019,,,
Obalno-kraška,2263.0,2138.0,4401.0,FEB,2019,,,
Osrednjeslovenska,10413.0,9146.0,19559.0,FEB,2019,,,
,,,,FEB,2019,,,
Občina izven RS,435.0,224.0,659.0,FEB,2019,,,
Slovenija,37919.0,38614.0,76533.0,MAR,2019,,,
,,,,MAR,2019,,,
Vzhodna Slovenija,21529.0,23310.0,44839.0,MAR,2019,,,
Jugovzhodna Slovenija,2599.0,2630.0,5229.0,MAR,2019,,,
Koroška,1104.0,1223.0,2327.0,MAR,2019,,,
Podravska,6342.0,6873.0,13215.0,MAR,2019,,,
Pomurska,2918.0,3177.0,6095.0,MAR,2019,,,
Posavska,1612.0,1649.0,3261.0,MAR,2019,,,
Primorsko-notranjska,789.0,859.0,1648.0,MAR,2019,,,
Savinjska,4976.0,5768.0,10744.0,MAR,2019,,,
Zasavska,1189.0,1131.0,2320.0,MAR,2019,,,
,,,,MAR,2019,,,
Zahodna Slovenija,16067.0,15070.0,31137.0,MAR,2019,,,
Gorenjska,2548.0,2507.0,5055.0,MAR,2019,,,
Goriška,1481.0,1555.0,3036.0,MAR,2019,,,
Obalno-kraška,2123.0,2005.0,4128.0,MAR,2019,,,
Osrednjeslovenska,9915.0,9003.0,18918.0,MAR,2019,,,
,,,,MAR,2019,,,
Občina izven RS,323.0,234.0,557.0,MAR,2019,,,
Slovenija,36281.0,37684.0,73965.0,APR,2019,,,
,,,,APR,2019,,,
Vzhodna Slovenija,20511.0,22766.0,43277.0,APR,2019,,,
Jugovzhodna Slovenija,2493.0,2572.0,5065.0,APR,2019,,,
Koroška,1050.0,1204.0,2254.0,APR,2019,,,
Podravska,6020.0,6748.0,12768.0,APR,2019,,,
Pomurska,2714.0,3044.0,5758.0,APR,2019,,,
Posavska,1529.0,1592.0,3121.0,APR,2019,,,
Primorsko-notranjska,750.0,811.0,1561.0,APR,2019,,,
Savinjska,4807.0,5648.0,10455.0,APR,2019,,,
Zasavska,1148.0,1147.0,2295.0,APR,2019,,,
,,,,APR,2019,,,
Zahodna Slovenija,15481.0,14689.0,30170.0,APR,2019,,,
Gorenjska,2416.0,2442.0,4858.0,APR,2019,,,
Goriška,1425.0,1500.0,2925.0,APR,2019,,,
Obalno-kraška,2023.0,1880.0,3903.0,APR,2019,,,
Osrednjeslovenska,9617.0,8867.0,18484.0,APR,2019,,,
,,,,APR,2019,,,
Občina izven RS,289.0,229.0,518.0,APR,2019,,,
Slovenija,35298.0,36714.0,72012.0,MAJ,2019,,,
,,,,MAJ,2019,,,
Vzhodna Slovenija,19925.0,22183.0,42108.0,MAJ,2019,,,
Jugovzhodna Slovenija,2443.0,2491.0,4934.0,MAJ,2019,,,
Koroška,1028.0,1197.0,2225.0,MAJ,2019,,,
Podravska,5826.0,6562.0,12388.0,MAJ,2019,,,
Pomurska,2632.0,2980.0,5612.0,MAJ,2019,,,
Posavska,1488.0,1557.0,3045.0,MAJ,2019,,,
Primorsko-notranjska,737.0,782.0,1519.0,MAJ,2019,,,
Savinjska,4651.0,5488.0,10139.0,MAJ,2019,,,
Zasavska,1120.0,1126.0,2246.0,MAJ,2019,,,
,,,,MAJ,2019,,,
Zahodna Slovenija,15121.0,14312.0,29433.0,MAJ,2019,,,
Gorenjska,2325.0,2356.0,4681.0,MAJ,2019,,,
Goriška,1381.0,1448.0,2829.0,MAJ,2019,,,
Obalno-kraška,1942.0,1780.0,3722.0,MAJ,2019,,,
Osrednjeslovenska,9473.0,8728.0,18201.0,MAJ,2019,,,
,,,,MAJ,2019,,,
Občina izven RS,252.0,219.0,471.0,MAJ,2019,,,
Slovenija,34641.0,36106.0,70747.0,JUN,2019,,,
,,,,JUN,2019,,,
Vzhodna Slovenija,19560.0,21842.0,41402.0,JUN,2019,,,
Jugovzhodna Slovenija,2414.0,2469.0,4883.0,JUN,2019,,,
Koroška,1014.0,1163.0,2177.0,JUN,2019,,,
Podravska,5716.0,6462.0,12178.0,JUN,2019,,,
Pomurska,2583.0,2951.0,5534.0,JUN,2019,,,
Posavska,1473.0,1526.0,2999.0,JUN,2019,,,
Primorsko-notranjska,717.0,769.0,1486.0,JUN,2019,,,
Savinjska,4560.0,5414.0,9974.0,JUN,2019,,,
Zasavska,1083.0,1088.0,2171.0,JUN,2019,,,
,,,,JUN,2019,,,
Zahodna Slovenija,14831.0,14065.0,28896.0,JUN,2019,,,
Gorenjska,2293.0,2316.0,4609.0,JUN,2019,,,
Goriška,1333.0,1409.0,2742.0,JUN,2019,,,
Obalno-kraška,1854.0,1693.0,3547.0,JUN,2019,,,
Osrednjeslovenska,9351.0,8647.0,17998.0,JUN,2019,,,
,,,,JUN,2019,,,
Občina izven RS,250.0,199.0,449.0,JUN,2019,,,
Slovenija,34752.0,37098.0,71850.0,JUL,2019,,,
,,,,JUL,2019,,,
Vzhodna Slovenija,19607.0,22467.0,42074.0,JUL,2019,,,
Jugovzhodna Slovenija,2461.0,2541.0,5002.0,JUL,2019,,,
Koroška,1026.0,1199.0,2225.0,JUL,2019,,,
Podravska,5696.0,6625.0,12321.0,JUL,2019,,,
Pomurska,2559.0,3052.0,5611.0,JUL,2019,,,
Posavska,1481.0,1558.0,3039.0,JUL,2019,,,
Primorsko-notranjska,705.0,786.0,1491.0,JUL,2019,,,
Savinjska,4571.0,5578.0,10149.0,JUL,2019,,,
Zasavska,1108.0,1128.0,2236.0,JUL,2019,,,
,,,,JUL,2019,,,
Zahodna Slovenija,14887.0,14438.0,29325.0,JUL,2019,,,
Gorenjska,2283.0,2380.0,4663.0,JUL,2019,,,
Goriška,1354.0,1457.0,2811.0,JUL,2019,,,
Obalno-kraška,1833.0,1742.0,3575.0,JUL,2019,,,
Osrednjeslovenska,9417.0,8859.0,18276.0,JUL,2019,,,
,,,,JUL,2019,,,
Občina izven RS,258.0,193.0,451.0,JUL,2019,,,
Slovenija,34486.0,37058.0,71544.0,AVG,2019,,,
,,,,AVG,2019,,,
Vzhodna Slovenija,19410.0,22519.0,41929.0,AVG,2019,,,
Jugovzhodna Slovenija,2470.0,2570.0,5040.0,AVG,2019,,,
Koroška,1010.0,1217.0,2227.0,AVG,2019,,,
Podravska,5617.0,6625.0,12242.0,AVG,2019,,,
Pomurska,2544.0,3114.0,5658.0,AVG,2019,,,
Posavska,1493.0,1557.0,3050.0,AVG,2019,,,
Primorsko-notranjska,696.0,782.0,1478.0,AVG,2019,,,
Savinjska,4498.0,5541.0,10039.0,AVG,2019,,,
Zasavska,1082.0,1113.0,2195.0,AVG,2019,,,
,,,,AVG,2019,,,
Zahodna Slovenija,14832.0,14341.0,29173.0,AVG,2019,,,
Gorenjska,2303.0,2380.0,4683.0,AVG,2019,,,
Goriška,1331.0,1464.0,2795.0,AVG,2019,,,
Obalno-kraška,1846.0,1747.0,3593.0,AVG,2019,,,
Osrednjeslovenska,9352.0,8750.0,18102.0,AVG,2019,,,
,,,,AVG,2019,,,
Občina izven RS,244.0,198.0,442.0,AVG,2019,,,
Slovenija,34149.0,35685.0,69834.0,SEP,2019,,,
,,,,SEP,2019,,,
Vzhodna Slovenija,19156.0,21660.0,40816.0,SEP,2019,,,
Jugovzhodna Slovenija,2447.0,2540.0,4987.0,SEP,2019,,,
Koroška,980.0,1190.0,2170.0,SEP,2019,,,
Podravska,5486.0,6303.0,11789.0,SEP,2019,,,
Pomurska,2521.0,2983.0,5504.0,SEP,2019,,,
Posavska,1488.0,1523.0,3011.0,SEP,2019,,,
Primorsko-notranjska,704.0,747.0,1451.0,SEP,2019,,,
Savinjska,4457.0,5305.0,9762.0,SEP,2019,,,
Zasavska,1073.0,1069.0,2142.0,SEP,2019,,,
,,,,SEP,2019,,,
Zahodna Slovenija,14748.0,13808.0,28556.0,SEP,2019,,,
Gorenjska,2290.0,2281.0,4571.0,SEP,2019,,,
Goriška,1344.0,1353.0,2697.0,SEP,2019,,,
Obalno-kraška,1846.0,1684.0,3530.0,SEP,2019,,,
Osrednjeslovenska,9268.0,8490.0,17758.0,SEP,2019,,,
,,,,SEP,2019,,,
Občina izven RS,245.0,217.0,462.0,SEP,2019,,,
Slovenija,35565.0,36851.0,72416.0,OKT,2019,,,
,,,,OKT,2019,,,
Vzhodna Slovenija,20007.0,22412.0,42419.0,OKT,2019,,,
Jugovzhodna Slovenija,2513.0,2560.0,5073.0,OKT,2019,,,
Koroška,1057.0,1289.0,2346.0,OKT,2019,,,
Podravska,5794.0,6564.0,12358.0,OKT,2019,,,
Pomurska,2629.0,3118.0,5747.0,OKT,2019,,,
Posavska,1521.0,1538.0,3059.0,OKT,2019,,,
Primorsko-notranjska,719.0,797.0,1516.0,OKT,2019,,,
Savinjska,4656.0,5465.0,10121.0,OKT,2019,,,
Zasavska,1118.0,1081.0,2199.0,OKT,2019,,,
,,,,OKT,2019,,,
Zahodna Slovenija,15271.0,14205.0,29476.0,OKT,2019,,,
Gorenjska,2448.0,2420.0,4868.0,OKT,2019,,,
Goriška,1383.0,1401.0,2784.0,OKT,2019,,,
Obalno-kraška,1907.0,1736.0,3643.0,OKT,2019,,,
Osrednjeslovenska,9533.0,8648.0,18181.0,OKT,2019,,,
,,,,OKT,2019,,,
Občina izven RS,287.0,234.0,521.0,OKT,2019,,,
Slovenija,35618.0,36777.0,72395.0,NOV,2019,,,
,,,,NOV,2019,,,
Vzhodna Slovenija,20137.0,22409.0,42546.0,NOV,2019,,,
Jugovzhodna Slovenija,2500.0,2528.0,5028.0,NOV,2019,,,
Koroška,1060.0,1306.0,2366.0,NOV,2019,,,
Podravska,5818.0,6584.0,12402.0,NOV,2019,,,
Pomurska,2669.0,3142.0,5811.0,NOV,2019,,,
Posavska,1551.0,1550.0,3101.0,NOV,2019,,,
Primorsko-notranjska,717.0,796.0,1513.0,NOV,2019,,,
Savinjska,4709.0,5427.0,10136.0,NOV,2019,,,
Zasavska,1113.0,1076.0,2189.0,NOV,2019,,,
,,,,NOV,2019,,,
Zahodna Slovenija,15193.0,14134.0,29327.0,NOV,2019,,,
Gorenjska,2411.0,2407.0,4818.0,NOV,2019,,,
Goriška,1371.0,1419.0,2790.0,NOV,2019,,,
Obalno-kraška,1951.0,1822.0,3773.0,NOV,2019,,,
Osrednjeslovenska,9460.0,8486.0,17946.0,NOV,2019,,,
,,,,NOV,2019,,,
Občina izven RS,288.0,234.0,522.0,NOV,2019,,,
Slovenija,38389.0,36903.0,75292.0,DEC,2019,,,
,,,,DEC,2019,,,
Vzhodna Slovenija,21937.0,22506.0,44443.0,DEC,2019,,,
Jugovzhodna Slovenija,2620.0,2524.0,5144.0,DEC,2019,,,
Koroška,1112.0,1314.0,2426.0,DEC,2019,,,
Podravska,6286.0,6633.0,12919.0,DEC,2019,,,
Pomurska,3048.0,3201.0,6249.0,DEC,2019,,,
Posavska,1706.0,1559.0,3265.0,DEC,2019,,,
Primorsko-notranjska,763.0,789.0,1552.0,DEC,2019,,,
Savinjska,5221.0,5412.0,10633.0,DEC,2019,,,
Zasavska,1181.0,1074.0,2255.0,DEC,2019,,,
,,,,DEC,2019,,,
Zahodna Slovenija,15941.0,14150.0,30091.0,DEC,2019,,,
Gorenjska,2790.0,2376.0,5166.0,DEC,2019,,,
Goriška,1415.0,1434.0,2849.0,DEC,2019,,,
Obalno-kraška,2017.0,1902.0,3919.0,DEC,2019,,,
Osrednjeslovenska,9719.0,8438.0,18157.0,DEC,2019,,,
,,,,DEC,2019,,,
Občina izven RS,511.0,247.0,758.0,DEC,2019,,,
Slovenija,41196.0,38645.0,79841.0,JAN,2020,,,
,,,,JAN,2020,,,
Vzhodna Slovenija,23819.0,23645.0,47464.0,JAN,2020,,,
Jugovzhodna Slovenija,2750.0,2643.0,5393.0,JAN,2020,,,
Koroška,1273.0,1373.0,2646.0,JAN,2020,,,
Podravska,6943.0,6917.0,13860.0,JAN,2020,,,
Pomurska,3302.0,3470.0,6772.0,JAN,2020,,,
Posavska,1825.0,1629.0,3454.0,JAN,2020,,,
Primorsko-notranjska,798.0,844.0,1642.0,JAN,2020,,,
Savinjska,5661.0,5626.0,11287.0,JAN,2020,,,
Zasavska,1267.0,1143.0,2410.0,JAN,2020,,,
,,,,JAN,2020,,,
Zahodna Slovenija,16706.0,14738.0,31444.0,JAN,2020,,,
Gorenjska,2953.0,2503.0,5456.0,JAN,2020,,,
Goriška,1485.0,1530.0,3015.0,JAN,2020,,,
Obalno-kraška,2231.0,2100.0,4331.0,JAN,2020,,,
Osrednjeslovenska,10037.0,8605.0,18642.0,JAN,2020,,,
,,,,JAN,2020,,,
Občina izven RS,671.0,262.0,933.0,JAN,2020,,,
Slovenija,39732.0,37752.0,77484.0,FEB,2020,,,
,,,,FEB,2020,,,
Vzhodna Slovenija,22889.0,23110.0,45999.0,FEB,2020,,,
Jugovzhodna Slovenija,2690.0,2575.0,5265.0,FEB,2020,,,
Koroška,1236.0,1346.0,2582.0,FEB,2020,,,
Podravska,6654.0,6758.0,13412.0,FEB,2020,,,
Pomurska,3105.0,3317.0,6422.0,FEB,2020,,,
Posavska,1732.0,1590.0,3322.0,FEB,2020,,,
Primorsko-notranjska,792.0,817.0,1609.0,FEB,2020,,,
Savinjska,5471.0,5595.0,11066.0,FEB,2020,,,
Zasavska,1209.0,1112.0,2321.0,FEB,2020,,,
,,,,FEB,2020,,,
Zahodna Slovenija,16228.0,14372.0,30600.0,FEB,2020,,,
Gorenjska,2801.0,2440.0,5241.0,FEB,2020,,,
Goriška,1410.0,1486.0,2896.0,FEB,2020,,,
Obalno-kraška,2155.0,2047.0,4202.0,FEB,2020,,,
Osrednjeslovenska,9862.0,8399.0,18261.0,FEB,2020,,,
,,,,FEB,2020,,,
Občina izven RS,615.0,270.0,885.0,FEB,2020,,,
Slovenija,39403.0,38452.0,77855.0,MAR,2020,,,
,,,,MAR,2020,,,
Vzhodna Slovenija,22456.0,23378.0,45834.0,MAR,2020,,,
Jugovzhodna Slovenija,2669.0,2534.0,5203.0,MAR,2020,,,
Koroška,1259.0,1440.0,2699.0,MAR,2020,,,
Podravska,6564.0,7008.0,13572.0,MAR,2020,,,
Pomurska,2938.0,3203.0,6141.0,MAR,2020,,,
Posavska,1698.0,1617.0,3315.0,MAR,2020,,,
Primorsko-notranjska,803.0,808.0,1611.0,MAR,2020,,,
Savinjska,5328.0,5634.0,10962.0,MAR,2020,,,
Zasavska,1197.0,1134.0,2331.0,MAR,2020,,,
,,,,MAR,2020,,,
Zahodna Slovenija,16378.0,14787.0,31165.0,MAR,2020,,,
Gorenjska,2787.0,2615.0,5402.0,MAR,2020,,,
Goriška,1436.0,1544.0,2980.0,MAR,2020,,,
Obalno-kraška,2194.0,2089.0,4283.0,MAR,2020,,,
Osrednjeslovenska,9961.0,8539.0,18500.0,MAR,2020,,,
,,,,MAR,2020,,,
Občina izven RS,569.0,287.0,856.0,MAR,2020,,,
Slovenija,44271.0,44377.0,88648.0,APR,2020,,,
,,,,APR,2020,,,
Vzhodna Slovenija,24820.0,26631.0,51451.0,APR,2020,,,
Jugovzhodna Slovenija,2917.0,2789.0,5706.0,APR,2020,,,
Koroška,1401.0,1660.0,3061.0,APR,2020,,,
Podravska,7410.0,8307.0,15717.0,APR,2020,,,
Pomurska,3150.0,3542.0,6692.0,APR,2020,,,
Posavska,1839.0,1750.0,3589.0,APR,2020,,,
Primorsko-notranjska,894.0,927.0,1821.0,APR,2020,,,
Savinjska,5913.0,6412.0,12325.0,APR,2020,,,
Zasavska,1296.0,1244.0,2540.0,APR,2020,,,
,,,,APR,2020,,,
Zahodna Slovenija,18692.0,17398.0,36090.0,APR,2020,,,
Gorenjska,3338.0,3240.0,6578.0,APR,2020,,,
Goriška,1653.0,1797.0,3450.0,APR,2020,,,
Obalno-kraška,2603.0,2580.0,5183.0,APR,2020,,,
Osrednjeslovenska,11098.0,9781.0,20879.0,APR,2020,,,
,,,,APR,2020,,,
Občina izven RS,759.0,348.0,1107.0,APR,2020,,,
Slovenija,44804.0,45611.0,90415.0,MAJ,2020,,,
,,,,MAJ,2020,,,
Vzhodna Slovenija,24753.0,27174.0,51927.0,MAJ,2020,,,
Jugovzhodna Slovenija,2977.0,2876.0,5853.0,MAJ,2020,,,
Koroška,1402.0,1639.0,3041.0,MAJ,2020,,,
Podravska,7382.0,8430.0,15812.0,MAJ,2020,,,
Pomurska,2999.0,3533.0,6532.0,MAJ,2020,,,
Posavska,1844.0,1803.0,3647.0,MAJ,2020,,,
Primorsko-notranjska,915.0,992.0,1907.0,MAJ,2020,,,
Savinjska,5913.0,6638.0,12551.0,MAJ,2020,,,
Zasavska,1321.0,1263.0,2584.0,MAJ,2020,,,
,,,,MAJ,2020,,,
Zahodna Slovenija,19295.0,18062.0,37357.0,MAJ,2020,,,
Gorenjska,3496.0,3431.0,6927.0,MAJ,2020,,,
Goriška,1731.0,1850.0,3581.0,MAJ,2020,,,
Obalno-kraška,2702.0,2698.0,5400.0,MAJ,2020,,,
Osrednjeslovenska,11366.0,10083.0,21449.0,MAJ,2020,,,
,,,,MAJ,2020,,,
Občina izven RS,756.0,375.0,1131.0,MAJ,2020,,,
Slovenija,44315.0,45062.0,89377.0,JUN,2020,,,
,,,,JUN,2020,,,
Vzhodna Slovenija,24433.0,26809.0,51242.0,JUN,2020,,,
Jugovzhodna Slovenija,3093.0,2922.0,6015.0,JUN,2020,,,
Koroška,1390.0,1628.0,3018.0,JUN,2020,,,
Podravska,7113.0,8117.0,15230.0,JUN,2020,,,
Pomurska,2848.0,3363.0,6211.0,JUN,2020,,,
Posavska,1868.0,1856.0,3724.0,JUN,2020,,,
Primorsko-notranjska,920.0,980.0,1900.0,JUN,2020,,,
Savinjska,5833.0,6686.0,12519.0,JUN,2020,,,
Zasavska,1368.0,1257.0,2625.0,JUN,2020,,,
,,,,JUN,2020,,,
Zahodna Slovenija,19268.0,17876.0,37144.0,JUN,2020,,,
Gorenjska,3423.0,3418.0,6841.0,JUN,2020,,,
Goriška,1804.0,1810.0,3614.0,JUN,2020,,,
Obalno-kraška,2640.0,2503.0,5143.0,JUN,2020,,,
Osrednjeslovenska,11401.0,10145.0,21546.0,JUN,2020,,,
,,,,JUN,2020,,,
Občina izven RS,614.0,377.0,991.0,JUN,2020,,,
Slovenija,44082.0,45315.0,89397.0,JUL,2020,,,
,,,,JUL,2020,,,
Vzhodna Slovenija,24280.0,26959.0,51239.0,JUL,2020,,,
Jugovzhodna Slovenija,3189.0,3025.0,6214.0,JUL,2020,,,
Koroška,1373.0,1597.0,2970.0,JUL,2020,,,
Podravska,6983.0,8056.0,15039.0,JUL,2020,,,
Pomurska,2786.0,3374.0,6160.0,JUL,2020,,,
Posavska,1867.0,1868.0,3735.0,JUL,2020,,,
Primorsko-notranjska,920.0,1008.0,1928.0,JUL,2020,,,
Savinjska,5778.0,6719.0,12497.0,JUL,2020,,,
Zasavska,1384.0,1312.0,2696.0,JUL,2020,,,
,,,,JUL,2020,,,
Zahodna Slovenija,19252.0,17998.0,37250.0,JUL,2020,,,
Gorenjska,3397.0,3395.0,6792.0,JUL,2020,,,
Goriška,1818.0,1825.0,3643.0,JUL,2020,,,
Obalno-kraška,2570.0,2411.0,4981.0,JUL,2020,,,
Osrednjeslovenska,11467.0,10367.0,21834.0,JUL,2020,,,
,,,,JUL,2020,,,
Občina izven RS,550.0,358.0,908.0,JUL,2020,,,
Slovenija,43454.0,44718.0,88172.0,AVG,2020,,,
,,,,AVG,2020,,,
Vzhodna Slovenija,23906.0,26475.0,50381.0,AVG,2020,,,
Jugovzhodna Slovenija,3163.0,3032.0,6195.0,AVG,2020,,,
Koroška,1342.0,1528.0,2870.0,AVG,2020,,,
Podravska,6864.0,7961.0,14825.0,AVG,2020,,,
Pomurska,2727.0,3257.0,5984.0,AVG,2020,,,
Posavska,1836.0,1868.0,3704.0,AVG,2020,,,
Primorsko-notranjska,934.0,1008.0,1942.0,AVG,2020,,,
Savinjska,5663.0,6472.0,12135.0,AVG,2020,,,
Zasavska,1377.0,1349.0,2726.0,AVG,2020,,,
,,,,AVG,2020,,,
Zahodna Slovenija,19053.0,17881.0,36934.0,AVG,2020,,,
Gorenjska,3329.0,3325.0,6654.0,AVG,2020,,,
Goriška,1782.0,1804.0,3586.0,AVG,2020,,,
Obalno-kraška,2527.0,2348.0,4875.0,AVG,2020,,,
Osrednjeslovenska,11415.0,10404.0,21819.0,AVG,2020,,,
,,,,AVG,2020,,,
Občina izven RS,495.0,362.0,857.0,AVG,2020,,,
Slovenija,41520.0,42246.0,83766.0,SEP,2020,,,
,,,,SEP,2020,,,
Vzhodna Slovenija,22656.0,24771.0,47427.0,SEP,2020,,,
Jugovzhodna Slovenija,3036.0,2854.0,5890.0,SEP,2020,,,
Koroška,1232.0,1321.0,2553.0,SEP,2020,,,
Podravska,6556.0,7645.0,14201.0,SEP,2020,,,
Pomurska,2565.0,3041.0,5606.0,SEP,2020,,,
Posavska,1769.0,1773.0,3542.0,SEP,2020,,,
Primorsko-notranjska,893.0,941.0,1834.0,SEP,2020,,,
Savinjska,5302.0,5949.0,11251.0,SEP,2020,,,
Zasavska,1303.0,1247.0,2550.0,SEP,2020,,,
,,,,SEP,2020,,,
Zahodna Slovenija,18442.0,17120.0,35562.0,SEP,2020,,,
Gorenjska,3161.0,3053.0,6214.0,SEP,2020,,,
Goriška,1722.0,1709.0,3431.0,SEP,2020,,,
Obalno-kraška,2449.0,2238.0,4687.0,SEP,2020,,,
Osrednjeslovenska,11110.0,10120.0,21230.0,SEP,2020,,,
,,,,SEP,2020,,,
Občina izven RS,422.0,355.0,777.0,SEP,2020,,,
Slovenija,41387.0,42267.0,83654.0,OKT,2020,,,
,,,,OKT,2020,,,
Vzhodna Slovenija,22571.0,24930.0,47501.0,OKT,2020,,,
Jugovzhodna Slovenija,2898.0,2808.0,5706.0,OKT,2020,,,
Koroška,1217.0,1334.0,2551.0,OKT,2020,,,
Podravska,6658.0,7802.0,14460.0,OKT,2020,,,
Pomurska,2545.0,3066.0,5611.0,OKT,2020,,,
Posavska,1755.0,1796.0,3551.0,OKT,2020,,,
Primorsko-notranjska,868.0,922.0,1790.0,OKT,2020,,,
Savinjska,5328.0,5927.0,11255.0,OKT,2020,,,
Zasavska,1302.0,1275.0,2577.0,OKT,2020,,,
,,,,OKT,2020,,,
Zahodna Slovenija,18433.0,17000.0,35433.0,OKT,2020,,,
Gorenjska,3182.0,3046.0,6228.0,OKT,2020,,,
Goriška,1722.0,1714.0,3436.0,OKT,2020,,,
Obalno-kraška,2405.0,2247.0,4652.0,OKT,2020,,,
Osrednjeslovenska,11124.0,9993.0,21117.0,OKT,2020,,,
,,,,OKT,2020,,,
Občina izven RS,383.0,337.0,720.0,OKT,2020,,,
Slovenija,41105.0,43034.0,84139.0,NOV,2020,,,
,,,,NOV,2020,,,
Vzhodna Slovenija,22264.0,25396.0,47660.0,NOV,2020,,,
Jugovzhodna Slovenija,2797.0,2829.0,5626.0,NOV,2020,,,
Koroška,1169.0,1325.0,2494.0,NOV,2020,,,
Podravska,6645.0,8100.0,14745.0,NOV,2020,,,
Pomurska,2576.0,3137.0,5713.0,NOV,2020,,,
Posavska,1727.0,1823.0,3550.0,NOV,2020,,,
Primorsko-notranjska,841.0,912.0,1753.0,NOV,2020,,,
Savinjska,5229.0,5974.0,11203.0,NOV,2020,,,
Zasavska,1280.0,1296.0,2576.0,NOV,2020,,,
,,,,NOV,2020,,,
Zahodna Slovenija,18453.0,17296.0,35749.0,NOV,2020,,,
Gorenjska,3147.0,3061.0,6208.0,NOV,2020,,,
Goriška,1691.0,1735.0,3426.0,NOV,2020,,,
Obalno-kraška,2499.0,2463.0,4962.0,NOV,2020,,,
Osrednjeslovenska,11116.0,10037.0,21153.0,NOV,2020,,,
,,,,NOV,2020,,,
Občina izven RS,388.0,342.0,730.0,NOV,2020,,,
Slovenija,43490.0,43793.0,87283.0,DEC,2020,,,
,,,,DEC,2020,,,
Vzhodna Slovenija,23754.0,25937.0,49691.0,DEC,2020,,,
Jugovzhodna Slovenija,2860.0,2880.0,5740.0,DEC,2020,,,
Koroška,1208.0,1348.0,2556.0,DEC,2020,,,
Podravska,7102.0,8324.0,15426.0,DEC,2020,,,
Pomurska,2895.0,3184.0,6079.0,DEC,2020,,,
Posavska,1859.0,1857.0,3716.0,DEC,2020,,,
Primorsko-notranjska,867.0,949.0,1816.0,DEC,2020,,,
Savinjska,5645.0,6082.0,11727.0,DEC,2020,,,
Zasavska,1318.0,1313.0,2631.0,DEC,2020,,,
,,,,DEC,2020,,,
Zahodna Slovenija,19182.0,17513.0,36695.0,DEC,2020,,,
Gorenjska,3401.0,3100.0,6501.0,DEC,2020,,,
Goriška,1764.0,1754.0,3518.0,DEC,2020,,,
Obalno-kraška,2573.0,2529.0,5102.0,DEC,2020,,,
Osrednjeslovenska,11444.0,10130.0,21574.0,DEC,2020,,,
,,,,DEC,2020,,,
Občina izven RS,554.0,343.0,897.0,DEC,2020,,,
,,,91499.0,JAN,2021,Slovenija,45834.0,45665.0
,,,,JAN,2021,,,
,,,52276.0,JAN,2021,Vzhodna Slovenija,25138.0,27138.0
,,,5947.0,JAN,2021,Jugovzhodna Slovenija,2972.0,2975.0
,,,2717.0,JAN,2021,Koroška,1296.0,1421.0
,,,16230.0,JAN,2021,Podravska,7542.0,8688.0
,,,6583.0,JAN,2021,Pomurska,3144.0,3439.0
,,,3920.0,JAN,2021,Posavska,1995.0,1925.0
,,,1835.0,JAN,2021,Primorsko-notranjska,868.0,967.0
,,,12324.0,JAN,2021,Savinjska,5948.0,6376.0
,,,2720.0,JAN,2021,Zasavska,1373.0,1347.0
,,,,JAN,2021,,,
,,,38148.0,JAN,2021,Zahodna Slovenija,19973.0,18175.0
,,,6782.0,JAN,2021,Gorenjska,3533.0,3249.0
,,,3690.0,JAN,2021,Goriška,1832.0,1858.0
,,,5409.0,JAN,2021,Obalno-kraška,2718.0,2691.0
,,,22267.0,JAN,2021,Osrednjeslovenska,11890.0,10377.0
,,,,JAN,2021,,,
,,,1075.0,JAN,2021,Občina izven RS,723.0,352.0
,,,88051.0,FEB,2021,Slovenija,43838.0,44213.0
,,,,FEB,2021,,,
,,,50014.0,FEB,2021,Vzhodna Slovenija,23882.0,26132.0
,,,5734.0,FEB,2021,Jugovzhodna Slovenija,2903.0,2831.0
,,,2525.0,FEB,2021,Koroška,1206.0,1319.0
,,,15589.0,FEB,2021,Podravska,7181.0,8408.0
,,,6218.0,FEB,2021,Pomurska,2924.0,3294.0
,,,3788.0,FEB,2021,Posavska,1917.0,1871.0
,,,1769.0,FEB,2021,Primorsko-notranjska,833.0,936.0
,,,11768.0,FEB,2021,Savinjska,5589.0,6179.0
,,,2623.0,FEB,2021,Zasavska,1329.0,1294.0
,,,,FEB,2021,,,
,,,37043.0,FEB,2021,Zahodna Slovenija,19311.0,17732.0
,,,6420.0,FEB,2021,Gorenjska,3335.0,3085.0
,,,3568.0,FEB,2021,Goriška,1754.0,1814.0
,,,5298.0,FEB,2021,Obalno-kraška,2662.0,2636.0
,,,21757.0,FEB,2021,Osrednjeslovenska,11560.0,10197.0
,,,,FEB,2021,,,
,,,994.0,FEB,2021,Občina izven RS,645.0,349.0
,,,82638.0,MAR,2021,Slovenija,40356.0,42282.0
,,,,MAR,2021,,,
,,,46619.0,MAR,2021,Vzhodna Slovenija,21807.0,24812.0
,,,5386.0,MAR,2021,Jugovzhodna Slovenija,2709.0,2677.0
,,,2356.0,MAR,2021,Koroška,1094.0,1262.0
,,,14633.0,MAR,2021,Podravska,6571.0,8062.0
,,,5656.0,MAR,2021,Pomurska,2561.0,3095.0
,,,3497.0,MAR,2021,Posavska,1750.0,1747.0
,,,1644.0,MAR,2021,Primorsko-notranjska,775.0,869.0
,,,10991.0,MAR,2021,Savinjska,5111.0,5880.0
,,,2456.0,MAR,2021,Zasavska,1236.0,1220.0
,,,,MAR,2021,,,
,,,35276.0,MAR,2021,Zahodna Slovenija,18121.0,17155.0
,,,5968.0,MAR,2021,Gorenjska,3003.0,2965.0
,,,3405.0,MAR,2021,Goriška,1656.0,1749.0
,,,5094.0,MAR,2021,Obalno-kraška,2536.0,2558.0
,,,20809.0,MAR,2021,Osrednjeslovenska,10926.0,9883.0
,,,,MAR,2021,,,
,,,743.0,MAR,2021,Občina izven RS,428.0,315.0
Slovenija,,,79285.0,APR,2021,,38461.0,40824.0
,,,,APR,2021,,,
Vzhodna Slovenija,,,44539.0,APR,2021,,20681.0,23858.0
Jugovzhodna Slovenija,,,5217.0,APR,2021,,2632.0,2585.0
Koroška,,,2239.0,APR,2021,,1016.0,1223.0
Podravska,,,13892.0,APR,2021,,6197.0,7695.0
Pomurska,,,5287.0,APR,2021,,2373.0,2914.0
Posavska,,,3410.0,APR,2021,,1679.0,1731.0
Primorsko-notranjska,,,1584.0,APR,2021,,743.0,841.0
Savinjska,,,10550.0,APR,2021,,4858.0,5692.0
Zasavska,,,2360.0,APR,2021,,1183.0,1177.0
,,,,APR,2021,,,
Zahodna Slovenija,,,34072.0,APR,2021,,17417.0,16655.0
Gorenjska,,,5679.0,APR,2021,,2834.0,2845.0
Goriška,,,3282.0,APR,2021,,1608.0,1674.0
Obalno-kraška,,,4909.0,APR,2021,,2419.0,2490.0
Osrednjeslovenska,,,20202.0,APR,2021,,10556.0,9646.0
,,,,APR,2021,,,
Občina izven RS,,,674.0,APR,2021,,363.0,311.0
Slovenija,,,75148.0,MAJ,2021,,36606.0,38542.0
,,,,MAJ,2021,,,
Vzhodna Slovenija,,,42286.0,MAJ,2021,,19764.0,22522.0
Jugovzhodna Slovenija,,,4998.0,MAJ,2021,,2528.0,2470.0
Koroška,,,2150.0,MAJ,2021,,979.0,1171.0
Podravska,,,13104.0,MAJ,2021,,5879.0,7225.0
Pomurska,,,4862.0,MAJ,2021,,2239.0,2623.0
Posavska,,,3323.0,MAJ,2021,,1624.0,1699.0
Primorsko-notranjska,,,1500.0,MAJ,2021,,720.0,780.0
Savinjska,,,10080.0,MAJ,2021,,4649.0,5431.0
Zasavska,,,2269.0,MAJ,2021,,1146.0,1123.0
,,,,MAJ,2021,,,
Zahodna Slovenija,,,32269.0,MAJ,2021,,16529.0,15740.0
Gorenjska,,,5269.0,MAJ,2021,,2611.0,2658.0
Goriška,,,3048.0,MAJ,2021,,1509.0,1539.0
Obalno-kraška,,,4526.0,MAJ,2021,,2243.0,2283.0
Osrednjeslovenska,,,19426.0,MAJ,2021,,10166.0,9260.0
,,,,MAJ,2021,,,
Občina izven RS,,,593.0,MAJ,2021,,313.0,280.0
Slovenija,,,71094.0,JUN,2021,,34696.0,36398.0
,,,,JUN,2021,,,
Vzhodna Slovenija,,,40128.0,JUN,2021,,18832.0,21296.0
Jugovzhodna Slovenija,,,4777.0,JUN,2021,,2426.0,2351.0
Koroška,,,2054.0,JUN,2021,,953.0,1101.0
Podravska,,,12402.0,JUN,2021,,5596.0,6806.0
Pomurska,,,4506.0,JUN,2021,,2089.0,2417.0
Posavska,,,3179.0,JUN,2021,,1580.0,1599.0
Primorsko-notranjska,,,1379.0,JUN,2021,,660.0,719.0
Savinjska,,,9648.0,JUN,2021,,4434.0,5214.0
Zasavska,,,2183.0,JUN,2021,,1094.0,1089.0
,,,,JUN,2021,,,
Zahodna Slovenija,,,30435.0,JUN,2021,,15592.0,14843.0
Gorenjska,,,4844.0,JUN,2021,,2402.0,2442.0
Goriška,,,2826.0,JUN,2021,,1407.0,1419.0
Obalno-kraška,,,4017.0,JUN,2021,,2037.0,1980.0
Osrednjeslovenska,,,18748.0,JUN,2021,,9746.0,9002.0
,,,,JUN,2021,,,
Občina izven RS,,,531.0,JUN,2021,,272.0,259.0
Slovenija,,,70655.0,JUL,2021,,34127.0,36528.0
,,,,JUL,2021,,,
Vzhodna Slovenija,,,40190.0,JUL,2021,,18645.0,21545.0
Jugovzhodna Slovenija,,,4776.0,JUL,2021,,2393.0,2383.0
Koroška,,,2036.0,JUL,2021,,949.0,1087.0
Podravska,,,12586.0,JUL,2021,,5596.0,6990.0
Pomurska,,,4487.0,JUL,2021,,2034.0,2453.0
Posavska,,,3151.0,JUL,2021,,1555.0,1596.0
Primorsko-notranjska,,,1337.0,JUL,2021,,641.0,696.0
Savinjska,,,9608.0,JUL,2021,,4371.0,5237.0
Zasavska,,,2209.0,JUL,2021,,1106.0,1103.0
,,,,JUL,2021,,,
Zahodna Slovenija,,,29951.0,JUL,2021,,15222.0,14729.0
Gorenjska,,,4801.0,JUL,2021,,2352.0,2449.0
Goriška,,,2772.0,JUL,2021,,1367.0,1405.0
Obalno-kraška,,,3885.0,JUL,2021,,1961.0,1924.0
Osrednjeslovenska,,,18493.0,JUL,2021,,9542.0,8951.0
,,,,JUL,2021,,,
Občina izven RS,,,514.0,JUL,2021,,260.0,254.0
Slovenija,,,69292.0,AVG,2021,,33435.0,35857.0
,,,,AVG,2021,,,
Vzhodna Slovenija,,,39500.0,AVG,2021,,18297.0,21203.0
Jugovzhodna Slovenija,,,4745.0,AVG,2021,,2396.0,2349.0
Koroška,,,2083.0,AVG,2021,,967.0,1116.0
Podravska,,,12329.0,AVG,2021,,5464.0,6865.0
Pomurska,,,4332.0,AVG,2021,,1967.0,2365.0
Posavska,,,3108.0,AVG,2021,,1526.0,1582.0
Primorsko-notranjska,,,1313.0,AVG,2021,,628.0,685.0
Savinjska,,,9434.0,AVG,2021,,4273.0,5161.0
Zasavska,,,2156.0,AVG,2021,,1076.0,1080.0
,,,,AVG,2021,,,
Zahodna Slovenija,,,29294.0,AVG,2021,,14886.0,14408.0
Gorenjska,,,4659.0,AVG,2021,,2283.0,2376.0
Goriška,,,2700.0,AVG,2021,,1337.0,1363.0
Obalno-kraška,,,3787.0,AVG,2021,,1898.0,1889.0
Osrednjeslovenska,,,18148.0,AVG,2021,,9368.0,8780.0
,,,,AVG,2021,,,
Občina izven RS,,,498.0,AVG,2021,,252.0,246.0
Slovenija,,,66122.0,SEP,2021,,32273.0,33849.0
,,,,SEP,2021,,,
Vzhodna Slovenija,,,37663.0,SEP,2021,,17625.0,20038.0
Jugovzhodna Slovenija,,,4640.0,SEP,2021,,2354.0,2286.0
Koroška,,,1928.0,SEP,2021,,908.0,1020.0
Podravska,,,11694.0,SEP,2021,,5235.0,6459.0
Pomurska,,,4092.0,SEP,2021,,1886.0,2206.0
Posavska,,,2987.0,SEP,2021,,1487.0,1500.0
Primorsko-notranjska,,,1247.0,SEP,2021,,595.0,652.0
Savinjska,,,8962.0,SEP,2021,,4107.0,4855.0
Zasavska,,,2113.0,SEP,2021,,1053.0,1060.0
,,,,SEP,2021,,,
Zahodna Slovenija,,,27955.0,SEP,2021,,14392.0,13563.0
Gorenjska,,,4328.0,SEP,2021,,2165.0,2163.0
Goriška,,,2542.0,SEP,2021,,1293.0,1249.0
Obalno-kraška,,,3637.0,SEP,2021,,1846.0,1791.0
Osrednjeslovenska,,,17448.0,SEP,2021,,9088.0,8360.0
,,,,SEP,2021,,,
Občina izven RS,,,504.0,SEP,2021,,256.0,248.0
Slovenija,,,66654.0,OKT,2021,,32543.0,34111.0
,,,,OKT,2021,,,
Vzhodna Slovenija,,,38194.0,OKT,2021,,17929.0,20265.0
Jugovzhodna Slovenija,,,4600.0,OKT,2021,,2326.0,2274.0
Koroška,,,2004.0,OKT,2021,,929.0,1075.0
Podravska,,,11909.0,OKT,2021,,5360.0,6549.0
Pomurska,,,4139.0,OKT,2021,,1923.0,2216.0
Posavska,,,3022.0,OKT,2021,,1515.0,1507.0
Primorsko-notranjska,,,1268.0,OKT,2021,,599.0,669.0
Savinjska,,,9090.0,OKT,2021,,4199.0,4891.0
Zasavska,,,2162.0,OKT,2021,,1078.0,1084.0
,,,,OKT,2021,,,
Zahodna Slovenija,,,27978.0,OKT,2021,,14362.0,13616.0
Gorenjska,,,4322.0,OKT,2021,,2168.0,2154.0
Goriška,,,2559.0,OKT,2021,,1292.0,1267.0
Obalno-kraška,,,3707.0,OKT,2021,,1877.0,1830.0
Osrednjeslovenska,,,17390.0,OKT,2021,,9025.0,8365.0
,,,,OKT,2021,,,
Občina izven RS,,,482.0,OKT,2021,,252.0,230.0
Slovenija,,,65379.0,NOV,2021,,32009.0,33370.0
,,,,NOV,2021,,,
Vzhodna Slovenija,,,37429.0,NOV,2021,,17710.0,19719.0
Jugovzhodna Slovenija,,,4509.0,NOV,2021,,2273.0,2236.0
Koroška,,,2035.0,NOV,2021,,922.0,1113.0
Podravska,,,11599.0,NOV,2021,,5301.0,6298.0
Pomurska,,,4088.0,NOV,2021,,1929.0,2159.0
Posavska,,,2979.0,NOV,2021,,1500.0,1479.0
Primorsko-notranjska,,,1208.0,NOV,2021,,586.0,622.0
Savinjska,,,8912.0,NOV,2021,,4143.0,4769.0
Zasavska,,,2099.0,NOV,2021,,1056.0,1043.0
,,,,NOV,2021,,,
Zahodna Slovenija,,,27441.0,NOV,2021,,14037.0,13404.0
Gorenjska,,,4299.0,NOV,2021,,2147.0,2152.0
Goriška,,,2485.0,NOV,2021,,1245.0,1240.0
Obalno-kraška,,,3748.0,NOV,2021,,1877.0,1871.0
Osrednjeslovenska,,,16909.0,NOV,2021,,8768.0,8141.0
,,,,NOV,2021,,,
Občina izven RS,,,509.0,NOV,2021,,262.0,247.0
Slovenija,,,65969.0,DEC,2021,,33008.0,32961.0
,,,,DEC,2021,,,
Vzhodna Slovenija,,,38000.0,DEC,2021,,18414.0,19586.0
Jugovzhodna Slovenija,,,4468.0,DEC,2021,,2270.0,2198.0
Koroška,,,2186.0,DEC,2021,,974.0,1212.0
Podravska,,,11792.0,DEC,2021,,5528.0,6264.0
Pomurska,,,4292.0,DEC,2021,,2145.0,2147.0
Posavska,,,2987.0,DEC,2021,,1535.0,1452.0
Primorsko-notranjska,,,1192.0,DEC,2021,,586.0,606.0
Savinjska,,,9026.0,DEC,2021,,4332.0,4694.0
Zasavska,,,2057.0,DEC,2021,,1044.0,1013.0
,,,,DEC,2021,,,
Zahodna Slovenija,,,27357.0,DEC,2021,,14212.0,13145.0
Gorenjska,,,4348.0,DEC,2021,,2252.0,2096.0
Goriška,,,2492.0,DEC,2021,,1259.0,1233.0
Obalno-kraška,,,3698.0,DEC,2021,,1845.0,1853.0
Osrednjeslovenska,,,16819.0,DEC,2021,,8856.0,7963.0
,,,,DEC,2021,,,
Občina izven RS,,,612.0,DEC,2021,,382.0,230.0
,,,67834.0,JAN,2022,Slovenija,34326.0,33508.0
,,,,JAN,2022,,,
,,,39337.0,JAN,2022,Vzhodna Slovenija,19364.0,19973.0
,,,4718.0,JAN,2022,Jugovzhodna Slovenija,2428.0,2290.0
,,,2238.0,JAN,2022,Koroška,1052.0,1186.0
,,,12046.0,JAN,2022,Podravska,5809.0,6237.0
,,,4678.0,JAN,2022,Pomurska,2356.0,2322.0
,,,3008.0,JAN,2022,Posavska,1544.0,1464.0
,,,1244.0,JAN,2022,Primorsko-notranjska,616.0,628.0
,,,9303.0,JAN,2022,Savinjska,4494.0,4809.0
,,,2102.0,JAN,2022,Zasavska,1065.0,1037.0
,,,,JAN,2022,,,
,,,27797.0,JAN,2022,Zahodna Slovenija,14484.0,13313.0
,,,4430.0,JAN,2022,Gorenjska,2329.0,2101.0
,,,2485.0,JAN,2022,Goriška,1267.0,1218.0
,,,3794.0,JAN,2022,Obalno-kraška,1864.0,1930.0
,,,17088.0,JAN,2022,Osrednjeslovenska,9024.0,8064.0
,,,,JAN,2022,,,
,,,700.0,JAN,2022,Občina izven RS,478.0,222.0
,,,64783.0,FEB,2022,Slovenija,32467.0,32316.0
,,,,FEB,2022,,,
,,,37420.0,FEB,2022,Vzhodna Slovenija,18195.0,19225.0
,,,4523.0,FEB,2022,Jugovzhodna Slovenija,2327.0,2196.0
,,,2059.0,FEB,2022,Koroška,968.0,1091.0
,,,11385.0,FEB,2022,Podravska,5411.0,5974.0
,,,4400.0,FEB,2022,Pomurska,2142.0,2258.0
,,,2917.0,FEB,2022,Posavska,1481.0,1436.0
,,,1193.0,FEB,2022,Primorsko-notranjska,583.0,610.0
,,,8906.0,FEB,2022,Savinjska,4244.0,4662.0
,,,2037.0,FEB,2022,Zasavska,1039.0,998.0
,,,,FEB,2022,,,
,,,26710.0,FEB,2022,Zahodna Slovenija,13846.0,12864.0
,,,4189.0,FEB,2022,Gorenjska,2179.0,2010.0
,,,2403.0,FEB,2022,Goriška,1230.0,1173.0
,,,3658.0,FEB,2022,Obalno-kraška,1802.0,1856.0
,,,16460.0,FEB,2022,Osrednjeslovenska,8635.0,7825.0
,,,,FEB,2022,,,
,,,653.0,FEB,2022,Občina izven RS,426.0,227.0
,,,60534.0,MAR,2022,Slovenija,30045.0,30489.0
,,,,MAR,2022,,,
,,,34893.0,MAR,2022,Vzhodna Slovenija,16781.0,18112.0
,,,4251.0,MAR,2022,Jugovzhodna Slovenija,2203.0,2048.0
,,,1893.0,MAR,2022,Koroška,869.0,1024.0
,,,10564.0,MAR,2022,Podravska,4948.0,5616.0
,,,3978.0,MAR,2022,Pomurska,1897.0,2081.0
,,,2802.0,MAR,2022,Posavska,1405.0,1397.0
,,,1114.0,MAR,2022,Primorsko-notranjska,552.0,562.0
,,,8340.0,MAR,2022,Savinjska,3912.0,4428.0
,,,1951.0,MAR,2022,Zasavska,995.0,956.0
,,,,MAR,2022,,,
,,,25163.0,MAR,2022,Zahodna Slovenija,12995.0,12168.0
,,,3843.0,MAR,2022,Gorenjska,1968.0,1875.0
,,,2290.0,MAR,2022,Goriška,1168.0,1122.0
,,,3464.0,MAR,2022,Obalno-kraška,1708.0,1756.0
,,,15566.0,MAR,2022,Osrednjeslovenska,8151.0,7415.0
,,,,MAR,2022,,,
,,,478.0,MAR,2022,Občina izven RS,269.0,209.0
,,,58081.0,APR,2022,Slovenija,28699.0,29382.0
,,,,APR,2022,,,
,,,33690.0,APR,2022,Vzhodna Slovenija,16134.0,17556.0
,,,4259.0,APR,2022,Jugovzhodna Slovenija,2214.0,2045.0
,,,1834.0,APR,2022,Koroška,832.0,1002.0
,,,10176.0,APR,2022,Podravska,4724.0,5452.0
,,,3730.0,APR,2022,Pomurska,1753.0,1977.0
,,,2697.0,APR,2022,Posavska,1354.0,1343.0
,,,1043.0,APR,2022,Primorsko-notranjska,521.0,522.0
,,,8068.0,APR,2022,Savinjska,3781.0,4287.0
,,,1883.0,APR,2022,Zasavska,955.0,928.0
,,,,APR,2022,,,
,,,23930.0,APR,2022,Zahodna Slovenija,12323.0,11607.0
,,,3580.0,APR,2022,Gorenjska,1828.0,1752.0
,,,2190.0,APR,2022,Goriška,1111.0,1079.0
,,,3172.0,APR,2022,Obalno-kraška,1573.0,1599.0
,,,14988.0,APR,2022,Osrednjeslovenska,7811.0,7177.0
,,,,APR,2022,,,
,,,461.0,APR,2022,Občina izven RS,242.0,219.0
,,,55854.0,MAJ,2022,Slovenija,27626.0,28228.0
,,,,MAJ,2022,,,
,,,32532.0,MAJ,2022,Vzhodna Slovenija,15648.0,16884.0
,,,4145.0,MAJ,2022,Jugovzhodna Slovenija,2155.0,1990.0
,,,1756.0,MAJ,2022,Koroška,796.0,960.0
,,,9824.0,MAJ,2022,Podravska,4564.0,5260.0
,,,3573.0,MAJ,2022,Pomurska,1698.0,1875.0
,,,2586.0,MAJ,2022,Posavska,1319.0,1267.0
,,,1004.0,MAJ,2022,Primorsko-notranjska,509.0,495.0
,,,7824.0,MAJ,2022,Savinjska,3685.0,4139.0
,,,1820.0,MAJ,2022,Zasavska,922.0,898.0
,,,,MAJ,2022,,,
,,,22819.0,MAJ,2022,Zahodna Slovenija,11750.0,11069.0
,,,3348.0,MAJ,2022,Gorenjska,1693.0,1655.0
,,,2087.0,MAJ,2022,Goriška,1074.0,1013.0
,,,3009.0,MAJ,2022,Obalno-kraška,1494.0,1515.0
,,,14375.0,MAJ,2022,Osrednjeslovenska,7489.0,6886.0
,,,,MAJ,2022,,,
,,,503.0,MAJ,2022,Občina izven RS,228.0,275.0
,,,53860.0,JUN,2022,Slovenija,26608.0,27252.0
,,,,JUN,2022,,,
,,,31292.0,JUN,2022,Vzhodna Slovenija,15075.0,16217.0
,,,4048.0,JUN,2022,Jugovzhodna Slovenija,2079.0,1969.0
,,,1687.0,JUN,2022,Koroška,780.0,907.0
,,,9443.0,JUN,2022,Podravska,4431.0,5012.0
,,,3367.0,JUN,2022,Pomurska,1608.0,1759.0
,,,2454.0,JUN,2022,Posavska,1246.0,1208.0
,,,950.0,JUN,2022,Primorsko-notranjska,474.0,476.0
,,,7587.0,JUN,2022,Savinjska,3562.0,4025.0
,,,1756.0,JUN,2022,Zasavska,895.0,861.0
,,,,JUN,2022,,,
,,,21997.0,JUN,2022,Zahodna Slovenija,11305.0,10692.0
,,,3242.0,JUN,2022,Gorenjska,1646.0,1596.0
,,,2020.0,JUN,2022,Goriška,1023.0,997.0
,,,2815.0,JUN,2022,Obalno-kraška,1386.0,1429.0
,,,13920.0,JUN,2022,Osrednjeslovenska,7250.0,6670.0
,,,,JUN,2022,,,
,,,571.0,JUN,2022,Občina izven RS,228.0,343.0
,,,54341.0,JUL,2022,Slovenija,26485.0,27856.0
,,,,JUL,2022,,,
,,,31585.0,JUL,2022,Vzhodna Slovenija,15008.0,16577.0
,,,4106.0,JUL,2022,Jugovzhodna Slovenija,2075.0,2031.0
,,,1702.0,JUL,2022,Koroška,779.0,923.0
,,,9453.0,JUL,2022,Podravska,4410.0,5043.0
,,,3376.0,JUL,2022,Pomurska,1598.0,1778.0
,,,2472.0,JUL,2022,Posavska,1244.0,1228.0
,,,962.0,JUL,2022,Primorsko-notranjska,465.0,497.0
,,,7752.0,JUL,2022,Savinjska,3553.0,4199.0
,,,1762.0,JUL,2022,Zasavska,884.0,878.0
,,,,JUL,2022,,,
,,,22166.0,JUL,2022,Zahodna Slovenija,11247.0,10919.0
,,,3352.0,JUL,2022,Gorenjska,1656.0,1696.0
,,,2037.0,JUL,2022,Goriška,1013.0,1024.0
,,,2817.0,JUL,2022,Obalno-kraška,1373.0,1444.0
,,,13960.0,JUL,2022,Osrednjeslovenska,7205.0,6755.0
,,,,JUL,2022,,,
,,,590.0,JUL,2022,Občina izven RS,230.0,360.0
,,,53935.0,AVG,2022,Slovenija,26133.0,27802.0
,,,,AVG,2022,,,
,,,31407.0,AVG,2022,Vzhodna Slovenija,14805.0,16602.0
,,,4124.0,AVG,2022,Jugovzhodna Slovenija,2085.0,2039.0
,,,1678.0,AVG,2022,Koroška,775.0,903.0
,,,9318.0,AVG,2022,Podravska,4304.0,5014.0
,,,3364.0,AVG,2022,Pomurska,1570.0,1794.0
,,,2482.0,AVG,2022,Posavska,1239.0,1243.0
,,,980.0,AVG,2022,Primorsko-notranjska,458.0,522.0
,,,7747.0,AVG,2022,Savinjska,3522.0,4225.0
,,,1714.0,AVG,2022,Zasavska,852.0,862.0
,,,,AVG,2022,,,
,,,21903.0,AVG,2022,Zahodna Slovenija,11094.0,10809.0
,,,3321.0,AVG,2022,Gorenjska,1653.0,1668.0
,,,2022.0,AVG,2022,Goriška,981.0,1041.0
,,,2816.0,AVG,2022,Obalno-kraška,1365.0,1451.0
,,,13744.0,AVG,2022,Osrednjeslovenska,7095.0,6649.0
,,,,AVG,2022,,,
,,,625.0,AVG,2022,Občina izven RS,234.0,391.0
,,,52043.0,SEP,2022,Slovenija,25557.0,26486.0
,,,,SEP,2022,,,
,,,30230.0,SEP,2022,Vzhodna Slovenija,14505.0,15725.0
,,,4032.0,SEP,2022,Jugovzhodna Slovenija,2074.0,1958.0
,,,1632.0,SEP,2022,Koroška,744.0,888.0
,,,8874.0,SEP,2022,Podravska,4171.0,4703.0
,,,3241.0,SEP,2022,Pomurska,1547.0,1694.0
,,,2427.0,SEP,2022,Posavska,1240.0,1187.0
,,,962.0,SEP,2022,Primorsko-notranjska,455.0,507.0
,,,7442.0,SEP,2022,Savinjska,3450.0,3992.0
,,,1620.0,SEP,2022,Zasavska,824.0,796.0
,,,,SEP,2022,,,
,,,21155.0,SEP,2022,Zahodna Slovenija,10812.0,10343.0
,,,3216.0,SEP,2022,Gorenjska,1628.0,1588.0
,,,1908.0,SEP,2022,Goriška,967.0,941.0
,,,2754.0,SEP,2022,Obalno-kraška,1337.0,1417.0
,,,13277.0,SEP,2022,Osrednjeslovenska,6880.0,6397.0
,,,,SEP,2022,,,
,,,658.0,SEP,2022,Občina izven RS,240.0,418.0
,,,52991.0,OKT,2022,Slovenija,26115.0,26876.0
,,,,OKT,2022,,,
,,,30953.0,OKT,2022,Vzhodna Slovenija,14858.0,16095.0
,,,4032.0,OKT,2022,Jugovzhodna Slovenija,2082.0,1950.0
,,,1697.0,OKT,2022,Koroška,777.0,920.0
,,,9053.0,OKT,2022,Podravska,4268.0,4785.0
,,,3388.0,OKT,2022,Pomurska,1603.0,1785.0
,,,2500.0,OKT,2022,Posavska,1260.0,1240.0
,,,986.0,OKT,2022,Primorsko-notranjska,474.0,512.0
,,,7685.0,OKT,2022,Savinjska,3560.0,4125.0
,,,1612.0,OKT,2022,Zasavska,834.0,778.0
,,,,OKT,2022,,,
,,,21384.0,OKT,2022,Zahodna Slovenija,11014.0,10370.0
,,,3275.0,OKT,2022,Gorenjska,1668.0,1607.0
,,,1919.0,OKT,2022,Goriška,975.0,944.0
,,,2816.0,OKT,2022,Obalno-kraška,1396.0,1420.0
,,,13374.0,OKT,2022,Osrednjeslovenska,6975.0,6399.0
,,,,OKT,2022,,,
,,,654.0,OKT,2022,Občina izven RS,243.0,411.0
,,,52541.0,NOV,2022,Slovenija,25914.0,26627.0
,,,,NOV,2022,,,
,,,30667.0,NOV,2022,Vzhodna Slovenija,14746.0,15921.0
,,,3951.0,NOV,2022,Jugovzhodna Slovenija,2044.0,1907.0
,,,1683.0,NOV,2022,Koroška,766.0,917.0
,,,8964.0,NOV,2022,Podravska,4238.0,4726.0
,,,3444.0,NOV,2022,Pomurska,1616.0,1828.0
,,,2514.0,NOV,2022,Posavska,1263.0,1251.0
,,,981.0,NOV,2022,Primorsko-notranjska,483.0,498.0
,,,7582.0,NOV,2022,Savinjska,3524.0,4058.0
,,,1548.0,NOV,2022,Zasavska,812.0,736.0
,,,,NOV,2022,,,
,,,21194.0,NOV,2022,Zahodna Slovenija,10912.0,10282.0
,,,3262.0,NOV,2022,Gorenjska,1663.0,1599.0
,,,1947.0,NOV,2022,Goriška,980.0,967.0
,,,2886.0,NOV,2022,Obalno-kraška,1429.0,1457.0
,,,13099.0,NOV,2022,Osrednjeslovenska,6840.0,6259.0
,,,,NOV,2022,,,
,,,680.0,NOV,2022,Občina izven RS,256.0,424.0
,,,53181.0,DEC,2022,Slovenija,26801.0,26380.0
,,,,DEC,2022,,,
,,,31077.0,DEC,2022,Vzhodna Slovenija,15308.0,15769.0
,,,3912.0,DEC,2022,Jugovzhodna Slovenija,2034.0,1878.0
,,,1736.0,DEC,2022,Koroška,791.0,945.0
,,,9052.0,DEC,2022,Podravska,4350.0,4702.0
,,,3617.0,DEC,2022,Pomurska,1806.0,1811.0
,,,2509.0,DEC,2022,Posavska,1288.0,1221.0
,,,990.0,DEC,2022,Primorsko-notranjska,500.0,490.0
,,,7727.0,DEC,2022,Savinjska,3709.0,4018.0
,,,1534.0,DEC,2022,Zasavska,830.0,704.0
,,,,DEC,2022,,,
,,,21288.0,DEC,2022,Zahodna Slovenija,11093.0,10195.0
,,,3351.0,DEC,2022,Gorenjska,1759.0,1592.0
,,,1934.0,DEC,2022,Goriška,980.0,954.0
,,,2960.0,DEC,2022,Obalno-kraška,1459.0,1501.0
,,,13043.0,DEC,2022,Osrednjeslovenska,6895.0,6148.0
,,,,DEC,2022,,,
,,,816.0,DEC,2022,Občina izven RS,400.0,416.0
,,,55386.0,JAN,2023,Slovenija,28298.0,27088.0
,,,,JAN,2023,,,
,,,32574.0,JAN,2023,Vzhodna Slovenija,16351.0,16223.0
,,,4065.0,JAN,2023,Jugovzhodna Slovenija,2100.0,1965.0
,,,1833.0,JAN,2023,Koroška,864.0,969.0
,,,9496.0,JAN,2023,Podravska,4669.0,4827.0
,,,3956.0,JAN,2023,Pomurska,2041.0,1915.0
,,,2531.0,JAN,2023,Posavska,1342.0,1189.0
,,,1084.0,JAN,2023,Primorsko-notranjska,550.0,534.0
,,,8051.0,JAN,2023,Savinjska,3938.0,4113.0
,,,1558.0,JAN,2023,Zasavska,847.0,711.0
,,,,JAN,2023,,,
,,,21811.0,JAN,2023,Zahodna Slovenija,11402.0,10409.0
,,,3508.0,JAN,2023,Gorenjska,1868.0,1640.0
,,,1971.0,JAN,2023,Goriška,992.0,979.0
,,,3074.0,JAN,2023,Obalno-kraška,1502.0,1572.0
,,,13258.0,JAN,2023,Osrednjeslovenska,7040.0,6218.0
,,,,JAN,2023,,,
,,,1001.0,JAN,2023,Občina izven RS,545.0,456.0
,,,53404.0,FEB,2023,Slovenija,27115.0,26289.0
,,,,FEB,2023,,,
,,,31261.0,FEB,2023,Vzhodna Slovenija,15554.0,15707.0
,,,3940.0,FEB,2023,Jugovzhodna Slovenija,2033.0,1907.0
,,,1730.0,FEB,2023,Koroška,794.0,936.0
,,,9067.0,FEB,2023,Podravska,4439.0,4628.0
,,,3743.0,FEB,2023,Pomurska,1908.0,1835.0
,,,2442.0,FEB,2023,Posavska,1269.0,1173.0
,,,1047.0,FEB,2023,Primorsko-notranjska,537.0,510.0
,,,7776.0,FEB,2023,Savinjska,3746.0,4030.0
,,,1516.0,FEB,2023,Zasavska,828.0,688.0
,,,,FEB,2023,,,
,,,21176.0,FEB,2023,Zahodna Slovenija,11074.0,10102.0
,,,3340.0,FEB,2023,Gorenjska,1764.0,1576.0
,,,1936.0,FEB,2023,Goriška,979.0,957.0
,,,2990.0,FEB,2023,Obalno-kraška,1468.0,1522.0
,,,12910.0,FEB,2023,Osrednjeslovenska,6863.0,6047.0
,,,,FEB,2023,,,
,,,967.0,FEB,2023,Občina izven RS,487.0,480.0
